merchant                            , category
Tata - Travel - 5NNE                , Grocery
Flipkart - Automobile - E6JT        , Travel
Flipkart - Fashion - YQKA           , Healthcare
Reliance - Food - 8ZGO              , Healthcare
Uber - Healthcare - M4JR            , Healthcare
LocalBazaar - Healthcare - S6FY     , Food
Reliance - Grocery - OLFL           , Travel
Myntra - Online Services - 35HR     , Electronics
Uber - Online Services - ONGN       , Automobile
LocalBazaar - Healthcare - SVBS     , Electronics
Swiggy - Food - BPBT                , Travel
BigBasket - Automobile - WNLA       , Healthcare
Zomato - Electronics - 0QEH         , Fashion
Tata - Automobile - LUV9            , Grocery
Myntra - Travel - RWO6              , Automobile
Reliance - Fashion - RY82           , Automobile
Flipkart - Grocery - XJW3           , Fashion
Zomato - Electronics - FRHD         , Fashion
LocalBazaar - Online Services - AVR6, Food
LocalBazaar - Electronics - 6ETK    , Travel
Tata - Healthcare - 9U71            , Electronics
LocalBazaar - Travel - LKNW         , Grocery
Flipkart - Automobile - SBKI        , Grocery
Zomato - Electronics - FE03         , Automobile
Uber - Automobile - 920B            , Online Services
Flipkart - Grocery - NUOQ           , Food
Amazon - Travel - PAVP              , Electronics
Reliance - Food - PBRI              , Fashion
Amazon - Healthcare - UNT3          , Online Services
Reliance - Electronics - 3Q8Y       , Food
Swiggy - Grocery - QX6C             , Fashion
Reliance - Food - PH9M              , Online Services
Zomato - Food - 3KDJ                , Fashion
Flipkart - Electronics - M5KL       , Food
Swiggy - Fashion - 7CWV             , Electronics
LocalBazaar - Online Services - 5FB0, Fashion
Reliance - Grocery - CTRA           , Electronics
Reliance - Automobile - X8ZZ        , Travel
Reliance - Online Services - 3PAC   , Electronics
Reliance - Food - GVUK              , Food
Reliance - Grocery - 1HB9           , Healthcare
Myntra - Online Services - F1HV     , Food
LocalBazaar - Grocery - H3OL        , Electronics
Amazon - Fashion - GRGW             , Electronics
Amazon - Food - IUKV                , Fashion
Reliance - Automobile - G6UW        , Food
Tata - Electronics - JA51           , Electronics
Zomato - Electronics - BJ7F         , Healthcare
Tata - Grocery - GD37               , Automobile
BigBasket - Online Services - A6JP  , Online Services
Swiggy - Food - H76M                , Travel
Zomato - Online Services - ODL7     , Travel
Reliance - Online Services - 9CY0   , Fashion
LocalBazaar - Electronics - 1YEE    , Online Services
Swiggy - Travel - L30Z              , Fashion
LocalBazaar - Fashion - XFVG        , Healthcare
Zomato - Travel - OO9U              , Healthcare
LocalBazaar - Online Services - BKN1, Healthcare
Myntra - Healthcare - NG5Y          , Travel
LocalBazaar - Fashion - 96NB        , Fashion
Tata - Healthcare - 60CK            , Food
Amazon - Travel - X3VL              , Electronics
Flipkart - Electronics - H6ZI       , Travel
Swiggy - Grocery - W2N9             , Healthcare
Reliance - Healthcare - GN5C        , Automobile
Reliance - Food - 48WD              , Electronics
Zomato - Healthcare - JK7Q          , Online Services
LocalBazaar - Travel - W4ZU         , Grocery
Flipkart - Automobile - VP25        , Healthcare
LocalBazaar - Fashion - HTQJ        , Healthcare
Reliance - Electronics - SPCL       , Food
Tata - Travel - HWQ7                , Automobile
Tata - Fashion - 7FJ8               , Travel
Myntra - Electronics - I1JB         , Travel
Reliance - Grocery - HYBK           , Fashion
Reliance - Grocery - SK1T           , Food
LocalBazaar - Travel - MJ2E         , Fashion
Swiggy - Healthcare - OJJ1          , Grocery
LocalBazaar - Travel - PU3G         , Automobile
LocalBazaar - Travel - T7OB         , Automobile
Reliance - Automobile - TUU9        , Automobile
Uber - Electronics - 6W5M           , Online Services
Amazon - Fashion - AVMP             , Healthcare
Myntra - Travel - 19EV              , Travel
Tata - Online Services - FVTY       , Grocery
LocalBazaar - Food - J2R6           , Grocery
Uber - Healthcare - 0GK9            , Healthcare
Swiggy - Automobile - JOKA          , Electronics
Zomato - Electronics - NILU         , Fashion
Amazon - Travel - LPZ8              , Grocery
BigBasket - Healthcare - JF3Y       , Grocery
BigBasket - Online Services - NL6D  , Travel
Myntra - Fashion - J7FJ             , Fashion
Flipkart - Grocery - YJT5           , Travel
BigBasket - Fashion - TVXI          , Travel
BigBasket - Healthcare - F7EE       , Fashion
Flipkart - Automobile - 05XZ        , Travel
Reliance - Electronics - JSGD       , Online Services
Reliance - Healthcare - DBB5        , Online Services
Tata - Electronics - 217I           , Food
BigBasket - Electronics - DQQG      , Online Services
Uber - Travel - LNWL                , Electronics
Tata - Automobile - 53X5            , Fashion
BigBasket - Electronics - M8DF      , Fashion
Zomato - Grocery - MPLU             , Electronics
Reliance - Grocery - 8F4P           , Travel
Amazon - Grocery - Q14M             , Automobile
Tata - Online Services - NUQ8       , Online Services
Zomato - Food - 1I73                , Fashion
Swiggy - Online Services - 7K04     , Grocery
Reliance - Online Services - 1Y6Z   , Food
Uber - Food - TSMS                  , Online Services
Myntra - Grocery - OLYY             , Grocery
LocalBazaar - Grocery - 5B1I        , Healthcare
Flipkart - Food - AD00              , Food
Tata - Online Services - 6LVE       , Automobile
BigBasket - Food - BA6U             , Food
LocalBazaar - Fashion - L5W8        , Online Services
Uber - Food - CFDL                  , Fashion
BigBasket - Fashion - LZCD          , Online Services
Flipkart - Online Services - EHPL   , Automobile
LocalBazaar - Travel - P5CK         , Healthcare
Tata - Electronics - 7EKI           , Electronics
Tata - Grocery - QHS5               , Fashion
Reliance - Healthcare - HJ6X        , Food
Myntra - Food - 1NFU                , Automobile
Flipkart - Automobile - FSY2        , Electronics
BigBasket - Online Services - KZ76  , Automobile
Uber - Online Services - OMBL       , Electronics
Uber - Electronics - H9IU           , Fashion
Amazon - Grocery - DEOV             , Travel
Flipkart - Healthcare - E09V        , Travel
Amazon - Electronics - AZRE         , Healthcare
Tata - Food - YT1V                  , Healthcare
LocalBazaar - Healthcare - 0628     , Electronics
Flipkart - Food - I2UN              , Online Services
Reliance - Healthcare - S3EK        , Automobile
Tata - Food - P1QM                  , Electronics
Myntra - Online Services - L172     , Grocery
Reliance - Food - BBGS              , Grocery
Tata - Electronics - 6LY3           , Grocery
Swiggy - Grocery - E9FE             , Grocery
Zomato - Food - KG2D                , Online Services
Flipkart - Travel - 0BC8            , Online Services
Tata - Travel - FPKA                , Automobile
Reliance - Grocery - U53C           , Grocery
Uber - Automobile - 0XL5            , Healthcare
Tata - Food - GTS6                  , Automobile
Swiggy - Grocery - XV8F             , Healthcare
BigBasket - Electronics - 2B7B      , Travel
Swiggy - Food - CMOM                , Travel
Uber - Healthcare - Y8J9            , Healthcare
Reliance - Grocery - 5R6X           , Automobile
Tata - Online Services - 3QZT       , Food
Tata - Online Services - W9KU       , Fashion
LocalBazaar - Food - 12HS           , Fashion
Reliance - Fashion - D6JQ           , Food
Flipkart - Grocery - SXNL           , Food
Tata - Food - W5MB                  , Grocery
BigBasket - Travel - R2A3           , Electronics
Flipkart - Travel - 5NA1            , Electronics
Zomato - Food - 2733                , Travel
Tata - Food - IMYO                  , Grocery
Tata - Electronics - 1PYI           , Online Services
Reliance - Travel - 37FP            , Online Services
Myntra - Automobile - VEVE          , Travel
Myntra - Electronics - JV3L         , Online Services
BigBasket - Online Services - IB6J  , Grocery
Flipkart - Healthcare - JMBX        , Grocery
Amazon - Fashion - RQ5V             , Food
Reliance - Healthcare - L2R8        , Online Services
Amazon - Electronics - FWK9         , Grocery
LocalBazaar - Travel - JXLX         , Food
Flipkart - Automobile - R3GX        , Automobile
Zomato - Online Services - 3BWZ     , Grocery
BigBasket - Online Services - 74DL  , Healthcare
Tata - Electronics - 6N9E           , Food
Zomato - Travel - HORI              , Grocery
BigBasket - Electronics - PWWZ      , Fashion
Uber - Healthcare - RD72            , Travel
BigBasket - Healthcare - 12AP       , Automobile
Tata - Automobile - SMA2            , Electronics
Myntra - Electronics - L4OY         , Automobile
Zomato - Automobile - CP6S          , Online Services
Amazon - Food - S9F5                , Online Services
Myntra - Travel - W3Y1              , Online Services
Zomato - Online Services - KHOS     , Electronics
Amazon - Travel - KY40              , Grocery
BigBasket - Electronics - DMBA      , Electronics
Uber - Food - I60G                  , Travel
Amazon - Grocery - 1247             , Healthcare
Tata - Automobile - SUVL            , Travel
Zomato - Automobile - IV5P          , Electronics
Tata - Grocery - 1SJF               , Online Services
Uber - Electronics - A6X1           , Fashion
Myntra - Electronics - N5RM         , Healthcare
Amazon - Automobile - BANL          , Fashion
LocalBazaar - Online Services - ITPZ, Travel
Amazon - Fashion - I0WL             , Online Services
LocalBazaar - Electronics - KRDO    , Fashion
Uber - Automobile - 82WY            , Grocery
Uber - Electronics - 8511           , Healthcare
Swiggy - Electronics - 80O2         , Electronics
Reliance - Travel - L0OZ            , Electronics
Reliance - Healthcare - 4N3N        , Food
Zomato - Healthcare - 7EQ4          , Grocery
Amazon - Fashion - ULA1             , Electronics
Myntra - Healthcare - 56JP          , Food
Amazon - Travel - TYPK              , Automobile
Zomato - Online Services - BRH9     , Grocery
Flipkart - Healthcare - ENVC        , Travel
Uber - Fashion - 8Y7J               , Grocery
Reliance - Travel - AR1F            , Electronics
LocalBazaar - Grocery - 42QY        , Grocery
BigBasket - Online Services - VXF6  , Food
Flipkart - Fashion - 8K1K           , Healthcare
Uber - Food - PHLZ                  , Online Services
Flipkart - Electronics - TMPD       , Grocery
Tata - Automobile - L3LM            , Automobile
BigBasket - Grocery - JPED          , Automobile
BigBasket - Electronics - ZV0S      , Food
Zomato - Healthcare - XQQL          , Online Services
Zomato - Automobile - EDQ5          , Travel
LocalBazaar - Healthcare - 43C8     , Healthcare
Flipkart - Fashion - 836T           , Automobile
LocalBazaar - Healthcare - KPU0     , Automobile
Tata - Fashion - 1J4C               , Electronics
Zomato - Electronics - Y66G         , Electronics
Zomato - Electronics - 6P5V         , Electronics
BigBasket - Healthcare - X1FZ       , Online Services
Amazon - Online Services - NCPS     , Travel
Amazon - Healthcare - T97B          , Grocery
Tata - Automobile - 90RV            , Grocery
LocalBazaar - Healthcare - EVAQ     , Food
Myntra - Healthcare - TIYL          , Fashion
Reliance - Electronics - EB77       , Online Services
Flipkart - Electronics - R60H       , Travel
Zomato - Healthcare - 1UBG          , Healthcare
Myntra - Fashion - 5H7W             , Online Services
Tata - Fashion - QUDQ               , Healthcare
LocalBazaar - Grocery - 9WNS        , Online Services
LocalBazaar - Healthcare - 046Q     , Automobile
Flipkart - Grocery - 4H97           , Fashion
LocalBazaar - Automobile - 8IGP     , Food
BigBasket - Online Services - A8OU  , Online Services
Swiggy - Travel - P9KW              , Grocery
Flipkart - Automobile - ACNN        , Food
Flipkart - Fashion - L1WU           , Online Services
Uber - Fashion - BL19               , Electronics
Myntra - Food - UW3R                , Travel
Myntra - Automobile - PHE8          , Grocery
Flipkart - Healthcare - 2JOW        , Healthcare
LocalBazaar - Food - ODQ5           , Healthcare
Uber - Grocery - R98Y               , Healthcare
Amazon - Food - 3TBK                , Food
LocalBazaar - Travel - TELR         , Travel
Tata - Online Services - GWAE       , Food
Swiggy - Online Services - 63H1     , Travel
Amazon - Travel - L78E              , Travel
LocalBazaar - Fashion - K6SF        , Electronics
BigBasket - Automobile - C9XN       , Electronics
Zomato - Travel - CI22              , Healthcare
Uber - Food - 53QO                  , Electronics
Amazon - Fashion - 6WR2             , Electronics
BigBasket - Food - HAZG             , Fashion
Zomato - Food - 2YVX                , Healthcare
Reliance - Food - DQNG              , Travel
LocalBazaar - Online Services - NVVN, Grocery
Swiggy - Fashion - 70G2             , Electronics
LocalBazaar - Fashion - H5TZ        , Food
Swiggy - Online Services - M084     , Travel
Uber - Grocery - Y38L               , Fashion
Amazon - Fashion - DY0B             , Grocery
Flipkart - Grocery - SX2O           , Fashion
Myntra - Automobile - 6HNZ          , Travel
Uber - Electronics - YOZJ           , Healthcare
BigBasket - Grocery - JWUS          , Food
Uber - Fashion - UVJF               , Food
LocalBazaar - Electronics - GO5D    , Fashion
Zomato - Online Services - Y0ZK     , Online Services
Tata - Fashion - TGTT               , Food
BigBasket - Food - U6GV             , Grocery
Swiggy - Electronics - XMMT         , Electronics
Uber - Healthcare - UXGY            , Online Services
Uber - Grocery - VGF1               , Travel
Flipkart - Grocery - C0G7           , Automobile
Uber - Healthcare - KZ33            , Grocery
Swiggy - Food - 4AHA                , Fashion
LocalBazaar - Automobile - 15UM     , Electronics
Amazon - Automobile - T8V9          , Fashion
Myntra - Online Services - 04O3     , Online Services
Tata - Food - ZW3M                  , Electronics
Amazon - Automobile - M9RJ          , Food
Uber - Online Services - 16X1       , Automobile
Zomato - Grocery - 7CVY             , Online Services
Zomato - Food - 0PWZ                , Fashion
Tata - Grocery - SUGO               , Online Services
Reliance - Healthcare - 4MUU        , Food
Tata - Automobile - 3VY2            , Food
Swiggy - Travel - KDJP              , Healthcare
Myntra - Food - WFXM                , Grocery
Uber - Travel - VY63                , Grocery
Myntra - Electronics - I2BA         , Fashion
BigBasket - Grocery - GV91          , Travel
Flipkart - Online Services - 011Y   , Automobile
Swiggy - Online Services - 0AW9     , Online Services
Reliance - Grocery - C807           , Healthcare
LocalBazaar - Online Services - FJIO, Food
Zomato - Online Services - BYHM     , Grocery
BigBasket - Food - KENN             , Healthcare
Myntra - Automobile - 1I0E          , Travel
BigBasket - Travel - 674S           , Grocery
Amazon - Grocery - S7FW             , Fashion
Reliance - Online Services - 7LWZ   , Fashion
Myntra - Travel - LVLX              , Electronics
Flipkart - Food - 1U8W              , Online Services
BigBasket - Grocery - NUZ3          , Travel
BigBasket - Food - FD65             , Electronics
Flipkart - Fashion - KJQE           , Travel
Amazon - Fashion - YQKM             , Electronics
Tata - Food - JLJ0                  , Automobile
LocalBazaar - Healthcare - YXGW     , Healthcare
Uber - Travel - K9IW                , Grocery
Uber - Healthcare - 2VX1            , Grocery
Reliance - Electronics - EUHS       , Healthcare
Reliance - Grocery - ZEQ3           , Grocery
LocalBazaar - Food - E1GE           , Automobile
Myntra - Healthcare - UDQP          , Grocery
Amazon - Automobile - 8A6P          , Travel
Reliance - Automobile - 9CKU        , Fashion
Zomato - Automobile - YGI6          , Automobile
Reliance - Grocery - 2Y8Q           , Automobile
Zomato - Travel - CKT7              , Electronics
Flipkart - Electronics - KNBN       , Travel
LocalBazaar - Healthcare - VDU8     , Fashion
Swiggy - Fashion - 3AQ2             , Online Services
Swiggy - Electronics - 6J9V         , Food
BigBasket - Healthcare - 5OW2       , Fashion
Amazon - Food - R6YX                , Electronics
Zomato - Travel - MRJI              , Electronics
Swiggy - Food - DY48                , Grocery
Uber - Automobile - 12HC            , Online Services
BigBasket - Food - IA7J             , Travel
BigBasket - Electronics - S46Q      , Online Services
LocalBazaar - Automobile - ROP5     , Travel
Uber - Healthcare - VHD1            , Travel
Flipkart - Electronics - AP5K       , Automobile
LocalBazaar - Online Services - N5J8, Healthcare
BigBasket - Food - O0DP             , Healthcare
Flipkart - Healthcare - RMNK        , Travel
Myntra - Online Services - ESHH     , Food
Amazon - Food - BPXL                , Automobile
Reliance - Grocery - 2LHX           , Online Services
Uber - Travel - QK4Y                , Healthcare
Amazon - Automobile - AJ9S          , Electronics
Reliance - Travel - XHMU            , Fashion
Myntra - Food - DRAB                , Electronics
BigBasket - Food - 05D2             , Electronics
Tata - Online Services - WTIT       , Healthcare
Myntra - Automobile - 08KC          , Online Services
Zomato - Travel - 3LXM              , Online Services
Amazon - Food - PA8N                , Travel
Flipkart - Automobile - AG2T        , Online Services
Reliance - Healthcare - 1PPA        , Online Services
BigBasket - Electronics - U07Q      , Grocery
Reliance - Electronics - 0NRQ       , Food
BigBasket - Healthcare - R2Q5       , Automobile
Flipkart - Automobile - 0MLF        , Fashion
Swiggy - Grocery - WHXM             , Healthcare
Uber - Electronics - XNC6           , Online Services
Zomato - Grocery - 5D46             , Grocery
Zomato - Fashion - KMUL             , Healthcare
Tata - Food - GL5O                  , Fashion
LocalBazaar - Travel - 9EBC         , Food
Tata - Healthcare - V1C1            , Fashion
Amazon - Automobile - 6F6A          , Fashion
Myntra - Electronics - JJ0S         , Travel
Amazon - Food - 1NLX                , Healthcare
BigBasket - Electronics - CQ4J      , Electronics
Swiggy - Travel - T0YS              , Online Services
Reliance - Grocery - R7EK           , Fashion
Myntra - Fashion - YT1G             , Healthcare
BigBasket - Healthcare - 1NTK       , Fashion
LocalBazaar - Travel - 3MCY         , Fashion
BigBasket - Automobile - I5VJ       , Grocery
Uber - Online Services - E6DZ       , Food
Flipkart - Healthcare - EABR        , Fashion
BigBasket - Grocery - VK8K          , Travel
Uber - Food - WEQ8                  , Electronics
Swiggy - Healthcare - SHT6          , Travel
Swiggy - Healthcare - TOI5          , Grocery
Flipkart - Online Services - JY9Y   , Online Services
LocalBazaar - Travel - ZPVK         , Online Services
BigBasket - Automobile - JJGE       , Food
BigBasket - Travel - MJPD           , Automobile
LocalBazaar - Healthcare - 3Y5Q     , Healthcare
LocalBazaar - Travel - R3JY         , Travel
Uber - Travel - HXC2                , Electronics
Flipkart - Healthcare - UWDQ        , Online Services
Tata - Electronics - BV9U           , Electronics
Myntra - Healthcare - DH0W          , Electronics
Myntra - Online Services - 6H1Q     , Automobile
Uber - Automobile - 9PV0            , Automobile
Tata - Grocery - 99VC               , Food
Amazon - Travel - BGRN              , Healthcare
Zomato - Food - OKYT                , Grocery
BigBasket - Online Services - ZUDK  , Food
Reliance - Grocery - PXJH           , Food
Amazon - Food - A8V5                , Grocery
Swiggy - Food - RQ5C                , Food
Tata - Healthcare - R7RJ            , Fashion
Myntra - Online Services - U5MN     , Grocery
Amazon - Food - C514                , Online Services
Amazon - Electronics - BQ5Y         , Travel
Tata - Automobile - 1JIV            , Food
Tata - Online Services - MVAP       , Fashion
Swiggy - Healthcare - 20RY          , Online Services
Tata - Fashion - LOTB               , Travel
Amazon - Automobile - L11Q          , Online Services
Myntra - Automobile - AAHD          , Travel
Amazon - Online Services - 62I5     , Automobile
Uber - Online Services - O02B       , Healthcare
Amazon - Automobile - KERN          , Fashion
Tata - Food - L5HI                  , Automobile
Reliance - Travel - LV1R            , Food
Flipkart - Automobile - I0LU        , Automobile
Reliance - Fashion - W5WZ           , Online Services
Flipkart - Automobile - W7CS        , Travel
Uber - Travel - 6IV2                , Fashion
BigBasket - Healthcare - KL8Q       , Online Services
Flipkart - Grocery - TRAV           , Online Services
Zomato - Healthcare - BVW7          , Travel
Tata - Travel - CVUH                , Online Services
Zomato - Grocery - R4FF             , Electronics
Amazon - Electronics - 7XN7         , Food
Reliance - Online Services - XA58   , Electronics
Myntra - Fashion - FTOR             , Electronics
BigBasket - Travel - Y704           , Grocery
Swiggy - Food - 3QK5                , Travel
Uber - Fashion - SCKP               , Online Services
Tata - Automobile - 26J5            , Travel
Myntra - Healthcare - HIC1          , Grocery
Reliance - Travel - OO26            , Automobile
Flipkart - Healthcare - GCDO        , Electronics
Uber - Fashion - 9IG7               , Food
Tata - Grocery - GEKK               , Fashion
LocalBazaar - Electronics - JXK9    , Grocery
Amazon - Food - XI8V                , Fashion
Zomato - Travel - EJTF              , Automobile
Flipkart - Automobile - 6199        , Healthcare
Myntra - Food - Y3DX                , Food
Myntra - Electronics - D58G         , Food
BigBasket - Electronics - TKVG      , Automobile
Zomato - Grocery - HWP0             , Travel
Zomato - Fashion - XTV6             , Food
Zomato - Automobile - JXJP          , Electronics
Reliance - Electronics - AOYB       , Food
Uber - Electronics - BMWZ           , Electronics
BigBasket - Travel - 6H63           , Travel
Reliance - Healthcare - 0QB4        , Electronics
LocalBazaar - Grocery - TTEN        , Automobile
Myntra - Healthcare - 1LDC          , Online Services
Zomato - Fashion - YF93             , Automobile
Myntra - Healthcare - 6LYJ          , Grocery
Swiggy - Healthcare - 7JPP          , Healthcare
Flipkart - Grocery - 1JC2           , Food
Uber - Healthcare - RGB7            , Healthcare
Amazon - Grocery - QZKV             , Fashion
Flipkart - Food - BEXR              , Online Services
Uber - Food - H2P9                  , Grocery
Zomato - Fashion - BIKX             , Healthcare
Swiggy - Electronics - COJR         , Travel
Reliance - Automobile - HRNT        , Automobile
Tata - Food - 4K1Q                  , Automobile
BigBasket - Fashion - 9AKJ          , Travel
Tata - Healthcare - JGP9            , Fashion
Reliance - Online Services - 0UIF   , Electronics
LocalBazaar - Fashion - 5Q0G        , Automobile
LocalBazaar - Electronics - BTRF    , Food
Amazon - Automobile - OSTX          , Online Services
Flipkart - Automobile - 7OUK        , Electronics
BigBasket - Food - AU9P             , Automobile
Myntra - Automobile - YJUC          , Fashion
Myntra - Fashion - K0KM             , Fashion
Amazon - Travel - 5FGX              , Electronics
Myntra - Fashion - AQ5U             , Grocery
Myntra - Healthcare - 04PD          , Healthcare
Uber - Healthcare - MWDS            , Grocery
LocalBazaar - Healthcare - 20TE     , Automobile
Zomato - Electronics - D26P         , Online Services
Swiggy - Fashion - ICHM             , Travel
Tata - Healthcare - R5MG            , Online Services
Uber - Automobile - 97U0            , Food
Myntra - Automobile - D550          , Automobile
Tata - Electronics - NNTX           , Grocery
Swiggy - Travel - I53G              , Food
BigBasket - Electronics - 208A      , Grocery
Uber - Electronics - VSH0           , Healthcare
Reliance - Online Services - 60EP   , Electronics
Myntra - Electronics - KWRI         , Grocery
Flipkart - Healthcare - OHNT        , Fashion
Swiggy - Travel - 0LU5              , Travel
Flipkart - Electronics - 0ZQ8       , Electronics
Zomato - Grocery - F0BC             , Electronics
Flipkart - Fashion - TEOK           , Electronics
Myntra - Food - ENED                , Grocery
Uber - Grocery - RU3N               , Food
Reliance - Electronics - 18OM       , Electronics
Reliance - Healthcare - FBBB        , Food
Zomato - Travel - MLUS              , Grocery
Uber - Online Services - A3MF       , Online Services
Flipkart - Healthcare - AGRP        , Healthcare
Flipkart - Electronics - IQCV       , Fashion
Zomato - Grocery - VH0H             , Fashion
Myntra - Automobile - XY1W          , Grocery
BigBasket - Travel - 2QXM           , Electronics
Amazon - Grocery - MPN0             , Electronics
Myntra - Food - TXPI                , Healthcare
Uber - Automobile - KVIF            , Healthcare
Zomato - Grocery - RMDO             , Electronics
Uber - Healthcare - U0S3            , Fashion
Reliance - Food - BCXT              , Online Services
BigBasket - Healthcare - 3KSV       , Travel
Uber - Grocery - 5EZY               , Travel
LocalBazaar - Electronics - P6T7    , Online Services
Tata - Fashion - 47OY               , Travel
LocalBazaar - Food - B2E8           , Electronics
Uber - Food - BMQE                  , Travel
Swiggy - Healthcare - A011          , Healthcare
Myntra - Fashion - FITK             , Healthcare
LocalBazaar - Electronics - WGRR    , Food
Reliance - Food - 8M8U              , Online Services
Zomato - Travel - Z0DY              , Online Services
Zomato - Travel - 2O50              , Healthcare
LocalBazaar - Food - ZBWW           , Electronics
LocalBazaar - Travel - V9AW         , Online Services
BigBasket - Healthcare - 2KWM       , Online Services
Uber - Grocery - 9UVD               , Healthcare
Swiggy - Healthcare - 7JAE          , Healthcare
Zomato - Travel - 8PWA              , Grocery
Reliance - Travel - QNTA            , Grocery
Zomato - Automobile - KVT8          , Grocery
Uber - Online Services - 5PYH       , Automobile
Zomato - Healthcare - ZDY4          , Food
Uber - Healthcare - GB4L            , Online Services
Swiggy - Electronics - YD2W         , Travel
Flipkart - Fashion - 8FEC           , Fashion
Swiggy - Electronics - V2RA         , Fashion
LocalBazaar - Fashion - 3RXW        , Fashion
Amazon - Grocery - R5DI             , Electronics
Zomato - Automobile - 6AFL          , Healthcare
LocalBazaar - Automobile - 62T1     , Electronics
Zomato - Food - IOS5                , Grocery
Zomato - Online Services - VJZD     , Online Services
Tata - Electronics - HUH1           , Fashion
LocalBazaar - Automobile - USX3     , Automobile
Swiggy - Fashion - AVH5             , Electronics
LocalBazaar - Automobile - HEIF     , Grocery
Myntra - Automobile - RBDU          , Healthcare
BigBasket - Fashion - H0LK          , Fashion
Myntra - Food - RF0I                , Healthcare
Amazon - Healthcare - B27E          , Healthcare
Amazon - Travel - 7TY8              , Food
Amazon - Automobile - O1AY          , Food
Myntra - Food - NY3Y                , Electronics
Zomato - Food - UHKS                , Online Services
Myntra - Grocery - PPBW             , Travel
Amazon - Automobile - 7COI          , Online Services
Flipkart - Grocery - 71LD           , Electronics
Tata - Healthcare - IY4F            , Healthcare
Flipkart - Food - AO30              , Travel
Flipkart - Travel - RNRS            , Food
Flipkart - Automobile - CPJU        , Online Services
Amazon - Grocery - DWQH             , Grocery
LocalBazaar - Fashion - A7PA        , Grocery
Myntra - Fashion - BLP0             , Online Services
BigBasket - Electronics - NOGC      , Electronics
Flipkart - Grocery - WEDN           , Travel
Reliance - Electronics - QB5V       , Food
BigBasket - Electronics - ALS4      , Healthcare
BigBasket - Food - 2TCC             , Online Services
BigBasket - Automobile - V9OA       , Online Services
LocalBazaar - Travel - 90YA         , Food
Myntra - Automobile - 6BPU          , Electronics
Myntra - Food - E3BB                , Healthcare
Tata - Grocery - A3YF               , Food
BigBasket - Grocery - A767          , Healthcare
Uber - Travel - K6VO                , Grocery
Amazon - Grocery - FC4S             , Grocery
Myntra - Food - 36XV                , Fashion
Tata - Online Services - 84VF       , Automobile
Swiggy - Online Services - W07F     , Healthcare
Myntra - Travel - 8EYN              , Food
Swiggy - Healthcare - FCGR          , Electronics
Uber - Food - 8IQY                  , Grocery
Flipkart - Fashion - JFCU           , Fashion
Reliance - Healthcare - YL74        , Food
Zomato - Healthcare - C733          , Online Services
Swiggy - Grocery - VLXW             , Fashion
Swiggy - Food - PLTZ                , Online Services
Uber - Online Services - UXIB       , Food
LocalBazaar - Online Services - CTMN, Electronics
Uber - Fashion - XGFL               , Online Services
LocalBazaar - Grocery - 7JEX        , Healthcare
Zomato - Online Services - RZL2     , Fashion
Tata - Healthcare - 01W0            , Travel
Zomato - Electronics - HZ6Y         , Automobile
Tata - Grocery - JB4T               , Grocery
Uber - Fashion - JC2Y               , Grocery
Myntra - Online Services - OEIS     , Travel
Uber - Healthcare - E0JO            , Healthcare
Reliance - Food - ZYS8              , Fashion
Flipkart - Automobile - R6IA        , Travel
Amazon - Grocery - A0T8             , Fashion
Tata - Electronics - 1VU3           , Online Services
Reliance - Automobile - NOZM        , Electronics
Flipkart - Travel - ESK1            , Food
Tata - Electronics - 48XM           , Electronics
Uber - Grocery - YA3S               , Online Services
Uber - Food - JQDK                  , Electronics
Swiggy - Healthcare - EKJ8          , Travel
Reliance - Grocery - 05OI           , Automobile
Uber - Electronics - L313           , Food
Swiggy - Fashion - ZEOV             , Food
LocalBazaar - Travel - IG08         , Food
Myntra - Fashion - X20Y             , Automobile
Flipkart - Online Services - MESC   , Fashion
LocalBazaar - Food - BIMC           , Electronics
Zomato - Grocery - LZHM             , Food
LocalBazaar - Healthcare - ZO9M     , Fashion
Flipkart - Online Services - NJM3   , Food
BigBasket - Automobile - CEZ1       , Fashion
Myntra - Electronics - L1MO         , Electronics
Zomato - Healthcare - DHVU          , Travel
Uber - Automobile - TLF0            , Healthcare
Tata - Electronics - H0YB           , Electronics
Swiggy - Food - CKLZ                , Automobile
LocalBazaar - Grocery - 1P8Y        , Online Services
Amazon - Fashion - 4N5K             , Online Services
Swiggy - Automobile - 7CNM          , Electronics
Tata - Automobile - 875H            , Food
Amazon - Online Services - EO7Y     , Fashion
Flipkart - Electronics - 3H33       , Electronics
LocalBazaar - Electronics - ILD5    , Travel
Tata - Electronics - NGPR           , Grocery
Zomato - Electronics - EFE6         , Food
Amazon - Healthcare - G9EY          , Automobile
BigBasket - Food - PZX8             , Food
Amazon - Automobile - BRBJ          , Fashion
Myntra - Fashion - CVSF             , Food
Amazon - Electronics - 4D4D         , Electronics
Myntra - Healthcare - O7O9          , Healthcare
Tata - Healthcare - T4GK            , Healthcare
Amazon - Grocery - L5A8             , Electronics
LocalBazaar - Online Services - YG83, Grocery
Tata - Food - BHV3                  , Electronics
Uber - Online Services - 3K0F       , Automobile
Swiggy - Travel - FMB7              , Automobile
Flipkart - Food - IAIQ              , Healthcare
Myntra - Food - 31H1                , Food
Swiggy - Grocery - O7R8             , Automobile
Uber - Online Services - QWO2       , Food
Reliance - Food - FYKX              , Food
Swiggy - Electronics - 4JZL         , Online Services
LocalBazaar - Grocery - HX5P        , Food
Amazon - Healthcare - 706R          , Fashion
Uber - Automobile - RF6L            , Grocery
Amazon - Fashion - R8CW             , Electronics
Reliance - Travel - NR87            , Online Services
Flipkart - Healthcare - QWBO        , Healthcare
Uber - Fashion - AZSK               , Healthcare
LocalBazaar - Automobile - P1HC     , Fashion
Uber - Fashion - 5Q08               , Fashion
Flipkart - Healthcare - MUI7        , Automobile
Flipkart - Fashion - QGR0           , Fashion
LocalBazaar - Electronics - G87Q    , Online Services
Uber - Fashion - BCZ3               , Electronics
Myntra - Grocery - SFOQ             , Grocery
BigBasket - Travel - INT9           , Grocery
Flipkart - Automobile - 6AJ9        , Healthcare
Tata - Online Services - 9I65       , Online Services
Reliance - Food - YN9T              , Fashion
Tata - Automobile - 7APX            , Travel
Swiggy - Online Services - TZ6H     , Automobile
Zomato - Automobile - J2GE          , Fashion
Zomato - Travel - IBES              , Automobile
Tata - Travel - K4I7                , Grocery
LocalBazaar - Travel - N7SJ         , Automobile
Swiggy - Electronics - 8V9G         , Automobile
Uber - Travel - SB5I                , Automobile
Uber - Electronics - WDCO           , Grocery
Flipkart - Electronics - 0B0M       , Electronics
Flipkart - Healthcare - H62X        , Food
Reliance - Fashion - LHXA           , Fashion
Flipkart - Healthcare - BBQM        , Food
Zomato - Food - FSWS                , Automobile
Uber - Healthcare - T742            , Online Services
Zomato - Automobile - DZY1          , Automobile
Tata - Grocery - VQ1F               , Electronics
Flipkart - Electronics - EXPW       , Automobile
BigBasket - Grocery - IPK9          , Fashion
Swiggy - Online Services - LB18     , Online Services
Uber - Travel - R4EK                , Grocery
LocalBazaar - Healthcare - ATF5     , Grocery
Swiggy - Automobile - 713V          , Electronics
BigBasket - Grocery - 661F          , Food
Swiggy - Automobile - D43F          , Fashion
Uber - Food - 2M32                  , Fashion
Uber - Food - YXH2                  , Food
BigBasket - Travel - N2WY           , Food
Reliance - Automobile - 5WV5        , Electronics
Amazon - Fashion - AA2D             , Travel
Flipkart - Automobile - 7WQ2        , Fashion
LocalBazaar - Grocery - AL7F        , Fashion
Myntra - Fashion - SRZ3             , Fashion
Amazon - Fashion - XGMH             , Electronics
Amazon - Fashion - SPOT             , Travel
LocalBazaar - Food - 70WZ           , Healthcare
BigBasket - Food - ZYPW             , Automobile
Uber - Grocery - XEZZ               , Travel
Uber - Healthcare - 9BG2            , Grocery
Reliance - Healthcare - LU8E        , Grocery
Flipkart - Grocery - YFGG           , Food
Zomato - Travel - 4WM8              , Healthcare
Myntra - Automobile - RG0L          , Fashion
Reliance - Fashion - 3GNM           , Fashion
Swiggy - Travel - GHDB              , Online Services
Flipkart - Grocery - P8YK           , Automobile
Zomato - Online Services - 2LGH     , Healthcare
Reliance - Electronics - YJQU       , Grocery
BigBasket - Electronics - 4A4G      , Food
Uber - Electronics - WFB8           , Electronics
Zomato - Automobile - ZI74          , Healthcare
BigBasket - Travel - T831           , Online Services
BigBasket - Travel - VH92           , Electronics
Reliance - Grocery - 5VCG           , Automobile
Amazon - Travel - BNS4              , Fashion
Myntra - Grocery - 3E8N             , Fashion
Uber - Electronics - R7I9           , Travel
Swiggy - Fashion - ZW22             , Fashion
Reliance - Fashion - WUMO           , Food
Uber - Electronics - PQW7           , Automobile
Amazon - Fashion - P9WD             , Travel
Reliance - Fashion - MLW3           , Travel
LocalBazaar - Healthcare - TRD6     , Grocery
Amazon - Online Services - 3OO3     , Grocery
Myntra - Food - G5VE                , Travel
Swiggy - Fashion - 0VPU             , Electronics
Myntra - Healthcare - 4OUM          , Travel
Amazon - Fashion - FNR0             , Travel
Zomato - Automobile - 8RCL          , Travel
Tata - Fashion - 60LR               , Electronics
Reliance - Food - GHQV              , Electronics
Amazon - Online Services - 0J6U     , Food
Amazon - Electronics - MYF6         , Fashion
Myntra - Food - ZVTU                , Fashion
Tata - Automobile - D8NF            , Electronics
Tata - Automobile - FJGJ            , Grocery
Tata - Electronics - MG4V           , Travel
BigBasket - Electronics - XEQY      , Travel
Amazon - Travel - DXXL              , Travel
Tata - Travel - 5K34                , Electronics
Amazon - Electronics - Y9PR         , Fashion
Uber - Electronics - JOBW           , Online Services
Myntra - Online Services - JMAD     , Fashion
Zomato - Fashion - HC7P             , Grocery
Amazon - Food - 2RTL                , Healthcare
Zomato - Healthcare - R9BY          , Travel
Zomato - Travel - IWXN              , Travel
LocalBazaar - Travel - FQH5         , Electronics
LocalBazaar - Automobile - QMK3     , Healthcare
LocalBazaar - Automobile - Y11U     , Healthcare
Uber - Electronics - 8R5H           , Automobile
Zomato - Fashion - OO1S             , Fashion
Myntra - Travel - 59TD              , Grocery
Swiggy - Healthcare - EKHE          , Travel
Amazon - Fashion - JZRQ             , Fashion
BigBasket - Food - XLO9             , Grocery
Uber - Healthcare - BEPC            , Healthcare
Flipkart - Electronics - ELYP       , Online Services
Uber - Automobile - B6HQ            , Online Services
Amazon - Food - MFLO                , Healthcare
Reliance - Healthcare - S56N        , Healthcare
Uber - Fashion - N950               , Online Services
Swiggy - Fashion - NYDK             , Automobile
Zomato - Travel - VIVS              , Healthcare
Reliance - Food - ZLTN              , Fashion
Reliance - Online Services - YYGW   , Fashion
Amazon - Online Services - 7JON     , Online Services
Reliance - Electronics - XV35       , Healthcare
Uber - Healthcare - 9N3P            , Automobile
LocalBazaar - Fashion - A3UE        , Automobile
BigBasket - Online Services - IUSL  , Automobile
LocalBazaar - Electronics - TOO1    , Electronics
Tata - Fashion - UZ0Q               , Electronics
Uber - Travel - 5Z5M                , Electronics
Swiggy - Grocery - 5TIG             , Grocery
Zomato - Online Services - D5SY     , Fashion
Amazon - Food - TOUE                , Healthcare
Swiggy - Fashion - 11EM             , Fashion
Amazon - Food - 918H                , Automobile
Reliance - Fashion - DD7N           , Electronics
LocalBazaar - Fashion - U9BJ        , Travel
Swiggy - Grocery - 7EIM             , Grocery
Tata - Fashion - KB0C               , Electronics
Uber - Fashion - H5ZK               , Fashion
LocalBazaar - Electronics - P43O    , Food
Swiggy - Grocery - W7WZ             , Grocery
Amazon - Healthcare - ZO7I          , Electronics
Swiggy - Healthcare - K0YN          , Electronics
Zomato - Travel - 6QQL              , Grocery
Uber - Online Services - ISDC       , Fashion
Tata - Healthcare - YB95            , Grocery
Tata - Online Services - OEJM       , Online Services
BigBasket - Electronics - 7W4E      , Grocery
BigBasket - Fashion - Z2WX          , Online Services
Amazon - Grocery - 0AS9             , Online Services
Tata - Automobile - MRQ2            , Online Services
Uber - Electronics - 67QB           , Online Services
Swiggy - Travel - 3JX6              , Fashion
Myntra - Healthcare - NL65          , Grocery
Zomato - Healthcare - DGNT          , Grocery
Uber - Electronics - 2BXH           , Online Services
Tata - Electronics - RVZM           , Electronics
Flipkart - Grocery - 1ZAU           , Automobile
LocalBazaar - Automobile - ET49     , Healthcare
LocalBazaar - Fashion - F66K        , Electronics
Flipkart - Fashion - O5RU           , Fashion
BigBasket - Fashion - 3YQJ          , Online Services
Flipkart - Online Services - PNRZ   , Electronics
Amazon - Food - KR4D                , Automobile
Swiggy - Automobile - SQGT          , Grocery
Reliance - Healthcare - LOFW        , Electronics
Swiggy - Food - 08P5                , Electronics
Myntra - Grocery - 3UZ7             , Electronics
Myntra - Online Services - SGKU     , Healthcare
Swiggy - Travel - LQHI              , Food
Zomato - Automobile - 8MXV          , Electronics
Tata - Food - X75R                  , Electronics
Tata - Electronics - P4TK           , Travel
Flipkart - Healthcare - 550Z        , Travel
Swiggy - Healthcare - D3Y9          , Electronics
LocalBazaar - Automobile - CEU0     , Fashion
Tata - Grocery - H93U               , Electronics
Tata - Electronics - YWI8           , Automobile
Flipkart - Food - 7ZAI              , Grocery
Myntra - Travel - 1K26              , Grocery
Zomato - Automobile - XFE4          , Electronics
Flipkart - Fashion - LLF1           , Electronics
Tata - Fashion - 0QAG               , Food
Myntra - Fashion - SOTO             , Food
Swiggy - Automobile - HK4I          , Automobile
Myntra - Travel - 0NUJ              , Fashion
LocalBazaar - Healthcare - N69M     , Grocery
BigBasket - Fashion - K5VZ          , Food
LocalBazaar - Grocery - VTRP        , Grocery
BigBasket - Healthcare - ZR0I       , Fashion
LocalBazaar - Automobile - WQP6     , Food
Flipkart - Fashion - 34Q1           , Food
Flipkart - Automobile - 1ARN        , Travel
Zomato - Healthcare - 77NW          , Grocery
LocalBazaar - Food - A837           , Food
Uber - Electronics - 4U54           , Electronics
Zomato - Online Services - K1LI     , Travel
BigBasket - Healthcare - M4CQ       , Automobile
Uber - Travel - G5CW                , Food
BigBasket - Automobile - Q63I       , Food
Amazon - Healthcare - O0SK          , Automobile
Tata - Automobile - EQOR            , Healthcare
Zomato - Travel - HP6G              , Online Services
Zomato - Travel - APR8              , Online Services
Reliance - Fashion - HB2X           , Electronics
Reliance - Travel - 7FS1            , Food
Reliance - Grocery - 2AN3           , Online Services
BigBasket - Grocery - Y12A          , Grocery
Myntra - Grocery - V38G             , Automobile
Uber - Healthcare - 8SE5            , Food
Myntra - Healthcare - GVZ7          , Food
BigBasket - Travel - 91R5           , Grocery
Swiggy - Online Services - YDI9     , Grocery
LocalBazaar - Online Services - GR1I, Fashion
LocalBazaar - Fashion - BDO5        , Online Services
Tata - Healthcare - DKYP            , Food
Swiggy - Travel - SSRA              , Online Services
Myntra - Healthcare - MGXT          , Healthcare
Amazon - Electronics - LQ4A         , Food
Swiggy - Food - 9IG2                , Grocery
Swiggy - Electronics - MAFR         , Healthcare
LocalBazaar - Automobile - 2ZKO     , Online Services
Tata - Grocery - UKMA               , Food
Amazon - Online Services - 40R0     , Automobile
Swiggy - Online Services - BRL0     , Fashion
BigBasket - Electronics - JBMA      , Travel
Zomato - Electronics - XAYN         , Automobile
Tata - Travel - 62VL                , Food
Amazon - Electronics - URC6         , Grocery
Amazon - Online Services - 0CC6     , Food
Tata - Fashion - 155F               , Healthcare
Tata - Travel - CTFM                , Electronics
Amazon - Grocery - IR32             , Grocery
Tata - Fashion - JVEU               , Healthcare
Flipkart - Automobile - IUCF        , Electronics
Flipkart - Travel - SELZ            , Online Services
Uber - Automobile - C2QD            , Automobile
Myntra - Food - 2VVU                , Food
Zomato - Automobile - TLVT          , Fashion
Zomato - Healthcare - KC10          , Grocery
Swiggy - Travel - 3KM8              , Automobile
Tata - Grocery - 15KK               , Automobile
Tata - Food - AG6M                  , Electronics
LocalBazaar - Grocery - 7F2D        , Healthcare
Tata - Grocery - GS4C               , Fashion
Uber - Food - 3TJT                  , Online Services
Zomato - Travel - 2BWL              , Healthcare
BigBasket - Grocery - U2ZD          , Grocery
Swiggy - Travel - EDLD              , Healthcare
Flipkart - Travel - WU72            , Fashion
Myntra - Healthcare - GY5L          , Travel
BigBasket - Food - 3IZQ             , Travel
BigBasket - Grocery - 31MH          , Healthcare
Swiggy - Food - L8JD                , Grocery
Amazon - Grocery - MZ12             , Electronics
Swiggy - Online Services - FFFO     , Fashion
Zomato - Travel - RMY9              , Food
Uber - Automobile - NNPR            , Travel
Myntra - Fashion - EF3H             , Grocery
LocalBazaar - Online Services - ZJMG, Electronics
BigBasket - Travel - TF0V           , Travel
Flipkart - Food - C69O              , Automobile
Tata - Fashion - SUI8               , Online Services
Uber - Food - LNOX                  , Online Services
Swiggy - Automobile - P8IG          , Automobile
Uber - Electronics - J55I           , Food
LocalBazaar - Automobile - 7DJY     , Electronics
Reliance - Automobile - KW7J        , Travel
Tata - Fashion - HC3L               , Healthcare
LocalBazaar - Travel - 8G6U         , Travel
Amazon - Grocery - P9KI             , Automobile
Amazon - Healthcare - DUP1          , Food
Uber - Automobile - VGF2            , Electronics
Zomato - Online Services - 6AXW     , Fashion
Myntra - Grocery - 1C02             , Travel
Reliance - Electronics - TLM4       , Electronics
LocalBazaar - Travel - RGNQ         , Automobile
Myntra - Grocery - V1MX             , Travel
BigBasket - Fashion - 3SSU          , Online Services
BigBasket - Electronics - IABD      , Automobile
LocalBazaar - Electronics - OKIG    , Travel
Tata - Food - PXGG                  , Electronics
Uber - Food - QKAV                  , Grocery
LocalBazaar - Grocery - RLLV        , Food
Uber - Automobile - MUSC            , Grocery
Zomato - Fashion - 5YFK             , Fashion
Reliance - Grocery - KCUP           , Fashion
Zomato - Electronics - IDAO         , Electronics
Tata - Travel - DVB6                , Healthcare
Uber - Online Services - PHL5       , Fashion
Myntra - Healthcare - NJAY          , Electronics
Amazon - Grocery - MFNJ             , Healthcare
Myntra - Online Services - QRP3     , Electronics
Zomato - Travel - 87VO              , Healthcare
Myntra - Healthcare - SHCS          , Electronics
Amazon - Online Services - H66Y     , Automobile
Reliance - Automobile - G9VO        , Fashion
Uber - Online Services - EZ6E       , Electronics
Zomato - Grocery - XKVR             , Grocery
Amazon - Automobile - CEPV          , Fashion
Uber - Automobile - MQBX            , Automobile
Flipkart - Fashion - UHCJ           , Electronics
LocalBazaar - Grocery - RYR1        , Food
Tata - Automobile - JJPJ            , Automobile
Tata - Electronics - TUKV           , Electronics
Tata - Grocery - 1AOM               , Electronics
Myntra - Online Services - G0TP     , Automobile
Uber - Travel - 9Q6X                , Electronics
Reliance - Travel - S7VZ            , Online Services
Tata - Fashion - G24M               , Travel
Reliance - Electronics - HOXU       , Electronics
Myntra - Healthcare - J0KM          , Electronics
Flipkart - Automobile - 5VUQ        , Electronics
Reliance - Travel - KW3C            , Food
Zomato - Travel - JD8F              , Online Services
LocalBazaar - Grocery - 6X92        , Fashion
Zomato - Automobile - WKHQ          , Electronics
LocalBazaar - Electronics - 9XPY    , Food
Uber - Fashion - XXR8               , Fashion
LocalBazaar - Fashion - 5I64        , Automobile
Tata - Fashion - JHWT               , Grocery
Amazon - Automobile - TSHY          , Online Services
Flipkart - Healthcare - 86AT        , Automobile
LocalBazaar - Healthcare - 8EW7     , Automobile
Tata - Grocery - IA9R               , Healthcare
Amazon - Online Services - BDEP     , Grocery
BigBasket - Travel - GTLO           , Food
Myntra - Grocery - 9HEF             , Electronics
Swiggy - Healthcare - RZI7          , Healthcare
Uber - Travel - DYPX                , Electronics
Myntra - Online Services - ZONG     , Healthcare
Amazon - Online Services - XJ7W     , Healthcare
Swiggy - Automobile - 0FW8          , Healthcare
Tata - Food - 7S8F                  , Online Services
Tata - Fashion - 492K               , Online Services
Myntra - Travel - 5H33              , Food
BigBasket - Healthcare - F17S       , Food
Uber - Travel - 3XSO                , Food
Tata - Online Services - OR7K       , Online Services
LocalBazaar - Travel - O7QQ         , Fashion
Swiggy - Travel - 5IVM              , Travel
Uber - Electronics - RFIW           , Automobile
Reliance - Fashion - 5TX6           , Travel
LocalBazaar - Food - V2IY           , Electronics
Uber - Travel - WCBX                , Healthcare
BigBasket - Travel - RHZ1           , Electronics
BigBasket - Travel - 6TYH           , Travel
Zomato - Online Services - CE7R     , Grocery
Flipkart - Grocery - 1JS2           , Online Services
LocalBazaar - Travel - 0AS9         , Healthcare
LocalBazaar - Travel - T6LW         , Healthcare
Flipkart - Healthcare - Q44B        , Travel
Swiggy - Food - 3FMV                , Travel
Reliance - Automobile - 9EXQ        , Online Services
Uber - Online Services - M9T9       , Food
Flipkart - Travel - ST4F            , Electronics
Flipkart - Travel - T7PZ            , Automobile
Uber - Electronics - 7SAA           , Fashion
LocalBazaar - Automobile - LBGO     , Food
Zomato - Automobile - HJJQ          , Healthcare
BigBasket - Fashion - ITS5          , Electronics
Myntra - Healthcare - PH34          , Online Services
Amazon - Electronics - Y7FM         , Automobile
Amazon - Online Services - WQS0     , Electronics
Uber - Grocery - CTWW               , Fashion
Uber - Healthcare - R6X4            , Travel
Swiggy - Food - 8HER                , Online Services
BigBasket - Electronics - 66GT      , Automobile
Swiggy - Healthcare - QXJP          , Travel
Tata - Healthcare - X61S            , Travel
Amazon - Healthcare - B8AJ          , Fashion
Myntra - Travel - A5FS              , Food
Tata - Food - 4O3K                  , Electronics
Amazon - Food - WHSD                , Food
Tata - Grocery - RWVD               , Food
Flipkart - Travel - MK9Y            , Online Services
Myntra - Fashion - C0BV             , Travel
LocalBazaar - Travel - I6OT         , Healthcare
Myntra - Grocery - MJ58             , Electronics
Swiggy - Fashion - 10X7             , Fashion
Myntra - Online Services - LYTC     , Grocery
Amazon - Electronics - PXBZ         , Fashion
Amazon - Electronics - 7SFU         , Food
Reliance - Automobile - 4UV0        , Automobile
Uber - Electronics - UVUM           , Fashion
Reliance - Food - H4WM              , Food
Uber - Online Services - 2LWW       , Travel
Flipkart - Healthcare - 9YRD        , Grocery
Reliance - Automobile - 9LHW        , Online Services
LocalBazaar - Grocery - JBY8        , Travel
Amazon - Online Services - ZQDM     , Grocery
Flipkart - Food - TLRH              , Travel
Flipkart - Automobile - 79OE        , Automobile
Swiggy - Electronics - H03K         , Online Services
LocalBazaar - Automobile - APZR     , Automobile
Swiggy - Grocery - 6AUQ             , Food
Swiggy - Online Services - GEKT     , Healthcare
Swiggy - Electronics - YPXT         , Fashion
Flipkart - Automobile - 6KUI        , Travel
Uber - Fashion - MRWV               , Travel
Zomato - Fashion - A97J             , Electronics
Zomato - Automobile - 53IR          , Grocery
Amazon - Fashion - 1XMH             , Grocery
Swiggy - Food - MWGQ                , Healthcare
Uber - Travel - KJTG                , Fashion
Uber - Automobile - RD67            , Online Services
Zomato - Automobile - PDFW          , Grocery
Flipkart - Fashion - TAX2           , Healthcare
Reliance - Fashion - DW7Y           , Healthcare
LocalBazaar - Fashion - PGJT        , Electronics
Zomato - Food - CZUP                , Healthcare
Tata - Fashion - 7JU3               , Healthcare
LocalBazaar - Online Services - I43T, Healthcare
Flipkart - Food - NYMJ              , Automobile
Amazon - Automobile - 0UO2          , Healthcare
BigBasket - Healthcare - VU54       , Travel
Zomato - Electronics - YGYA         , Automobile
BigBasket - Online Services - JJZS  , Automobile
Zomato - Grocery - QEII             , Travel
LocalBazaar - Online Services - Q8ET, Electronics
Zomato - Automobile - 9EHA          , Food
Flipkart - Electronics - IEXC       , Fashion
BigBasket - Travel - BRCR           , Food
Myntra - Electronics - 3K47         , Food
Tata - Travel - RSFO                , Electronics
Reliance - Automobile - 9QNS        , Grocery
Tata - Fashion - FF8U               , Healthcare
Tata - Travel - 28K2                , Grocery
Zomato - Fashion - KUIO             , Food
Myntra - Electronics - 7GF1         , Automobile
Flipkart - Healthcare - T8L9        , Grocery
Zomato - Online Services - OBI2     , Food
Zomato - Online Services - 3E2N     , Fashion
Zomato - Healthcare - 6GIE          , Electronics
BigBasket - Online Services - UVVN  , Electronics
Tata - Healthcare - M7OR            , Online Services
Tata - Automobile - 8TOK            , Electronics
BigBasket - Healthcare - 3I0Y       , Fashion
Myntra - Travel - PSNS              , Fashion
Amazon - Online Services - IDW0     , Online Services
Reliance - Grocery - NNWO           , Automobile
LocalBazaar - Travel - 93VA         , Electronics
Uber - Travel - OR7M                , Fashion
Tata - Healthcare - EHKM            , Food
Zomato - Travel - DW3D              , Online Services
Tata - Fashion - ZLF9               , Online Services
Zomato - Healthcare - ITAM          , Food
Flipkart - Fashion - WGXS           , Electronics
Reliance - Travel - 9EE8            , Electronics
Reliance - Online Services - Y151   , Healthcare
Flipkart - Fashion - RRYM           , Grocery
Tata - Grocery - ILVH               , Travel
Uber - Healthcare - WMVQ            , Automobile
Zomato - Healthcare - N73J          , Healthcare
Zomato - Automobile - DM7S          , Food
Reliance - Automobile - OFIJ        , Food
BigBasket - Online Services - CRQQ  , Grocery
Tata - Electronics - D5XI           , Electronics
Amazon - Electronics - MBOA         , Online Services
Myntra - Electronics - YOXN         , Travel
Reliance - Online Services - F0OG   , Food
Uber - Automobile - J7NH            , Healthcare
Tata - Travel - FTNU                , Electronics
Swiggy - Healthcare - 0AF1          , Fashion
Amazon - Electronics - COJM         , Food
Uber - Travel - B0X6                , Electronics
BigBasket - Automobile - CFBQ       , Fashion
Flipkart - Healthcare - THIK        , Fashion
LocalBazaar - Fashion - 7JXN        , Online Services
Myntra - Grocery - UBF1             , Healthcare
Reliance - Food - ZOQT              , Travel
Uber - Automobile - KWHO            , Automobile
BigBasket - Food - XOK2             , Online Services
LocalBazaar - Grocery - 2L1S        , Grocery
Reliance - Food - DXEM              , Food
LocalBazaar - Healthcare - SAOC     , Travel
Zomato - Fashion - 3NCP             , Fashion
Uber - Automobile - QB9K            , Fashion
Tata - Online Services - 7PLY       , Food
Myntra - Healthcare - 1PMG          , Online Services
Swiggy - Travel - 2H3U              , Online Services
Zomato - Travel - K3U9              , Grocery
Amazon - Online Services - 39BL     , Electronics
Zomato - Food - UM4Y                , Travel
Flipkart - Automobile - 39HV        , Travel
Uber - Automobile - FZOR            , Fashion
Uber - Fashion - K8K7               , Travel
Myntra - Electronics - I3BJ         , Fashion
Flipkart - Travel - G7LF            , Automobile
Zomato - Food - SLFO                , Healthcare
Reliance - Travel - 5ZFZ            , Healthcare
BigBasket - Automobile - AWDS       , Electronics
Zomato - Grocery - 0JWJ             , Online Services
BigBasket - Travel - 7RKN           , Travel
Tata - Electronics - 3CUP           , Electronics
Zomato - Travel - 7BWD              , Electronics
Flipkart - Automobile - J2V8        , Travel
Reliance - Travel - SL8L            , Grocery
Swiggy - Healthcare - PIRC          , Online Services
Amazon - Travel - BP5I              , Healthcare
Swiggy - Travel - CHB1              , Electronics
Zomato - Fashion - DNQG             , Automobile
Reliance - Food - YJ9F              , Electronics
Swiggy - Travel - DONE              , Fashion
Tata - Electronics - MGZM           , Fashion
Amazon - Fashion - W7EV             , Automobile
LocalBazaar - Grocery - IS7O        , Automobile
Myntra - Grocery - VYO6             , Food
Flipkart - Online Services - JMKF   , Healthcare
Zomato - Automobile - VYTA          , Fashion
LocalBazaar - Travel - K6GM         , Automobile
Amazon - Healthcare - GZVG          , Fashion
Myntra - Food - 0GBA                , Electronics
Reliance - Electronics - CTS2       , Food
Swiggy - Online Services - 0W84     , Electronics
Zomato - Electronics - MSWW         , Online Services
BigBasket - Automobile - JNWI       , Electronics
Uber - Electronics - MN32           , Electronics
Reliance - Travel - HA1C            , Automobile
Amazon - Online Services - WPE3     , Online Services
LocalBazaar - Healthcare - XAKB     , Automobile
Flipkart - Fashion - D6H7           , Electronics
Myntra - Automobile - 66FX          , Electronics
BigBasket - Travel - OQ7Q           , Electronics
LocalBazaar - Grocery - EEWI        , Fashion
Reliance - Online Services - ET70   , Healthcare
Flipkart - Grocery - XKIJ           , Grocery
Tata - Healthcare - V361            , Food
BigBasket - Automobile - UQLS       , Electronics
Uber - Automobile - N6U7            , Grocery
Uber - Automobile - J3SX            , Travel
Myntra - Food - SI7A                , Electronics
LocalBazaar - Healthcare - DI64     , Fashion
Swiggy - Electronics - KGVM         , Automobile
Uber - Automobile - IFDJ            , Healthcare
Zomato - Travel - YAWT              , Online Services
Myntra - Healthcare - W0CX          , Food
Tata - Automobile - KTC7            , Online Services
Swiggy - Fashion - DE5Q             , Fashion
BigBasket - Food - 5QSP             , Electronics
Tata - Healthcare - LT93            , Grocery
Swiggy - Fashion - 7IEN             , Food
Tata - Electronics - Q6EY           , Electronics
Amazon - Travel - RZSE              , Electronics
Swiggy - Online Services - 9ZDS     , Grocery
Flipkart - Healthcare - GW4C        , Grocery
Myntra - Healthcare - NBD9          , Travel
Flipkart - Travel - I80Z            , Grocery
Zomato - Automobile - H49U          , Healthcare
Zomato - Fashion - DE91             , Food
Swiggy - Electronics - FL17         , Automobile
LocalBazaar - Fashion - YHMU        , Online Services
Reliance - Healthcare - EIRN        , Electronics
Flipkart - Travel - FDF5            , Healthcare
Myntra - Online Services - VTER     , Food
Zomato - Online Services - QQ42     , Electronics
Uber - Food - Y0AS                  , Healthcare
Swiggy - Electronics - 3LUB         , Online Services
BigBasket - Grocery - GKGL          , Automobile
BigBasket - Healthcare - 1OOK       , Electronics
Zomato - Electronics - TXSP         , Healthcare
BigBasket - Travel - HR4Y           , Fashion
Uber - Grocery - AC9Y               , Healthcare
Zomato - Fashion - 4D73             , Healthcare
Tata - Online Services - DB2N       , Fashion
Swiggy - Electronics - AD3V         , Travel
Amazon - Online Services - V7N4     , Healthcare
Tata - Healthcare - J1ZB            , Fashion
Reliance - Online Services - 8RYV   , Online Services
Flipkart - Automobile - 01KV        , Fashion
LocalBazaar - Healthcare - A2MO     , Automobile
Uber - Travel - 7AK3                , Electronics
Myntra - Grocery - VFA0             , Travel
LocalBazaar - Healthcare - BOP1     , Online Services
Zomato - Healthcare - TWXF          , Fashion
LocalBazaar - Food - HL84           , Healthcare
Reliance - Online Services - Y79H   , Grocery
Amazon - Online Services - 36HL     , Travel
Amazon - Food - 1OE9                , Travel
Swiggy - Electronics - 1Y22         , Grocery
Flipkart - Healthcare - N6KH        , Travel
BigBasket - Grocery - URCG          , Food
Uber - Electronics - MP0R           , Healthcare
Flipkart - Food - YF0L              , Fashion
Swiggy - Automobile - 5GIO          , Electronics
Flipkart - Grocery - HUQN           , Online Services
Amazon - Automobile - F1O6          , Healthcare
Swiggy - Food - JXKK                , Grocery
Swiggy - Fashion - U9CZ             , Fashion
Uber - Online Services - OZ0O       , Electronics
Myntra - Online Services - YAXK     , Online Services
Reliance - Automobile - OM0I        , Fashion
LocalBazaar - Automobile - 1DNT     , Online Services
Zomato - Electronics - 9IXX         , Grocery
Tata - Automobile - V87O            , Automobile
Flipkart - Fashion - T095           , Electronics
Zomato - Healthcare - SXWK          , Food
Tata - Fashion - DT3Z               , Automobile
BigBasket - Online Services - NUEU  , Food
Myntra - Grocery - DAP4             , Healthcare
Myntra - Food - QNSH                , Electronics
BigBasket - Travel - MB5X           , Fashion
Myntra - Electronics - B1JU         , Online Services
Swiggy - Food - EH0U                , Travel
Tata - Travel - CG7E                , Food
Zomato - Fashion - ISSK             , Fashion
BigBasket - Grocery - XPP4          , Electronics
BigBasket - Electronics - BTR0      , Grocery
Uber - Automobile - RWMB            , Electronics
Uber - Automobile - L5ZB            , Healthcare
BigBasket - Food - BWR4             , Automobile
Swiggy - Healthcare - 4TH4          , Food
Zomato - Grocery - S8S7             , Grocery
BigBasket - Automobile - K0H7       , Grocery
Uber - Online Services - OP3B       , Healthcare
Swiggy - Electronics - IZ50         , Food
Tata - Food - K2YX                  , Fashion
Zomato - Grocery - IU4A             , Online Services
Swiggy - Healthcare - LN6W          , Automobile
BigBasket - Electronics - K03O      , Travel
Myntra - Food - A7V7                , Healthcare
Reliance - Food - 7JRK              , Fashion
Flipkart - Automobile - 2DVN        , Online Services
Amazon - Food - 01KA                , Online Services
Swiggy - Automobile - FR9K          , Healthcare
Zomato - Automobile - ZOJ1          , Healthcare
Myntra - Electronics - YEY9         , Electronics
Tata - Food - XC1X                  , Fashion
Tata - Grocery - CT1Q               , Healthcare
BigBasket - Grocery - FA77          , Electronics
Myntra - Fashion - VQQE             , Food
Tata - Grocery - I6LG               , Grocery
BigBasket - Automobile - ZSSL       , Healthcare
BigBasket - Travel - 1UGE           , Travel
Myntra - Online Services - DGBJ     , Electronics
Uber - Healthcare - PQOK            , Electronics
LocalBazaar - Grocery - B2BU        , Automobile
Tata - Travel - 5G8T                , Healthcare
Swiggy - Healthcare - W5TJ          , Food
Swiggy - Grocery - ANKM             , Online Services
Swiggy - Automobile - GYZG          , Travel
LocalBazaar - Healthcare - 45T3     , Healthcare
Zomato - Online Services - VHDV     , Grocery
LocalBazaar - Healthcare - F43Y     , Grocery
Zomato - Online Services - UDDM     , Food
BigBasket - Travel - MJKX           , Grocery
Amazon - Online Services - M3GB     , Automobile
Amazon - Electronics - DXQM         , Electronics
Swiggy - Grocery - OWGZ             , Online Services
Tata - Travel - RKA6                , Healthcare
Tata - Automobile - 0IKW            , Food
Swiggy - Grocery - KMO6             , Online Services
Myntra - Healthcare - CX2A          , Food
BigBasket - Healthcare - X2PH       , Grocery
Zomato - Travel - IHW5              , Online Services
Reliance - Fashion - HFAK           , Healthcare
Uber - Online Services - CPSE       , Travel
Amazon - Electronics - FX5G         , Healthcare
Amazon - Travel - J706              , Online Services
Tata - Healthcare - FZ1N            , Automobile
Swiggy - Healthcare - OE2W          , Online Services
Myntra - Online Services - 32VX     , Fashion
BigBasket - Fashion - WLLA          , Healthcare
Uber - Travel - 5CHH                , Travel
Flipkart - Food - OGR7              , Electronics
Myntra - Electronics - H5DL         , Fashion
Swiggy - Food - URDB                , Food
Myntra - Food - 5W2Q                , Electronics
Myntra - Fashion - 025Y             , Healthcare
BigBasket - Healthcare - UP2S       , Automobile
Tata - Automobile - VSU3            , Healthcare
Myntra - Fashion - HN3U             , Fashion
Amazon - Food - KOXH                , Grocery
Uber - Online Services - NWMW       , Food
Flipkart - Electronics - BAZO       , Travel
LocalBazaar - Food - NFLG           , Grocery
LocalBazaar - Online Services - 0HBL, Grocery
Amazon - Online Services - 37GN     , Automobile
Reliance - Grocery - EGGE           , Grocery
Swiggy - Fashion - DO9Q             , Fashion
Flipkart - Online Services - F5UM   , Electronics
Uber - Healthcare - 9OJ6            , Online Services
Tata - Grocery - AYU5               , Travel
BigBasket - Automobile - BUZ8       , Grocery
Uber - Online Services - 5JEO       , Automobile
Swiggy - Fashion - VJDE             , Healthcare
LocalBazaar - Food - 0XQ9           , Travel
Zomato - Healthcare - 8FZN          , Healthcare
BigBasket - Food - SLAV             , Grocery
Reliance - Healthcare - KSNB        , Online Services
BigBasket - Online Services - FKB9  , Food
Uber - Fashion - Q8UM               , Electronics
Tata - Travel - W7FY                , Online Services
BigBasket - Food - L7DZ             , Fashion
Reliance - Automobile - UJS3        , Online Services
LocalBazaar - Online Services - ICLM, Healthcare
Flipkart - Healthcare - ZSQN        , Healthcare
Amazon - Food - 5SOV                , Healthcare
Uber - Grocery - QNFB               , Travel
Zomato - Food - N9VZ                , Electronics
Amazon - Online Services - M1FX     , Automobile
Flipkart - Food - 6C1M              , Fashion
BigBasket - Online Services - BKK3  , Electronics
Swiggy - Fashion - BCAV             , Travel
BigBasket - Automobile - PAX7       , Travel
LocalBazaar - Fashion - M1QT        , Healthcare
Myntra - Automobile - TCHP          , Automobile
LocalBazaar - Food - L5IH           , Online Services
Amazon - Grocery - 5J72             , Fashion
Uber - Travel - 3MB0                , Travel
Myntra - Grocery - OHT7             , Food
Zomato - Food - CUPN                , Online Services
Swiggy - Food - ZKDD                , Online Services
Zomato - Electronics - V8LB         , Electronics
Reliance - Electronics - 7UBN       , Travel
Myntra - Automobile - H8ZL          , Electronics
Amazon - Food - XSI8                , Automobile
LocalBazaar - Electronics - 2CI3    , Food
Flipkart - Automobile - 34DC        , Online Services
Uber - Online Services - 3TPN       , Fashion
Tata - Travel - 5YPT                , Healthcare
Zomato - Online Services - IKPY     , Automobile
Myntra - Travel - 71JD              , Food
Tata - Travel - YQSX                , Travel
LocalBazaar - Automobile - X498     , Grocery
Reliance - Automobile - XJO0        , Online Services
Zomato - Online Services - WEN6     , Fashion
Myntra - Healthcare - YZEA          , Food
Tata - Fashion - 0BLN               , Travel
Tata - Travel - 7D48                , Grocery
BigBasket - Electronics - K5XR      , Healthcare
BigBasket - Travel - JWEJ           , Electronics
Uber - Online Services - 1ES9       , Electronics
Tata - Electronics - 0APY           , Food
Zomato - Online Services - NHQI     , Grocery
Myntra - Grocery - PRSE             , Online Services
Swiggy - Healthcare - QJ1Z          , Online Services
Flipkart - Travel - 71XB            , Fashion
Flipkart - Grocery - 3379           , Grocery
BigBasket - Electronics - 57JP      , Travel
Flipkart - Online Services - TRYJ   , Travel
Swiggy - Fashion - QU0L             , Electronics
Swiggy - Automobile - N3IZ          , Grocery
BigBasket - Food - W2EG             , Online Services
Reliance - Electronics - JPCF       , Travel
Myntra - Food - 6X6M                , Healthcare
Zomato - Travel - P6UG              , Healthcare
Amazon - Food - N1NU                , Electronics
Myntra - Online Services - Y1Z1     , Online Services
Uber - Food - TH8X                  , Electronics
LocalBazaar - Fashion - S87A        , Online Services
BigBasket - Electronics - Q9Z0      , Fashion
Tata - Healthcare - GX05            , Fashion
BigBasket - Travel - A032           , Food
Reliance - Food - 1OIP              , Food
Tata - Electronics - NMW5           , Fashion
Reliance - Automobile - X9D6        , Food
BigBasket - Electronics - FINS      , Food
Myntra - Healthcare - DHU6          , Grocery
Uber - Electronics - P1X5           , Electronics
Swiggy - Fashion - 2IL0             , Grocery
Tata - Automobile - SH8D            , Grocery
LocalBazaar - Fashion - N98B        , Electronics
BigBasket - Online Services - KSC4  , Grocery
Reliance - Healthcare - 10Z9        , Automobile
Zomato - Fashion - 3PVH             , Fashion
Myntra - Travel - 0X57              , Healthcare
BigBasket - Grocery - M92Q          , Electronics
Tata - Online Services - 6KZO       , Grocery
Myntra - Automobile - 838R          , Food
Amazon - Travel - CTDA              , Electronics
Flipkart - Electronics - CYSX       , Travel
Zomato - Healthcare - JNI4          , Automobile
LocalBazaar - Food - 4WEZ           , Automobile
Amazon - Fashion - X5T8             , Grocery
Zomato - Electronics - 86I0         , Food
Uber - Food - R2VX                  , Automobile
Flipkart - Electronics - F2ON       , Grocery
LocalBazaar - Online Services - YJQ8, Grocery
BigBasket - Automobile - ELK0       , Travel
LocalBazaar - Automobile - NYWK     , Grocery
Zomato - Electronics - RUVA         , Automobile
Flipkart - Automobile - JJ0P        , Online Services
Tata - Grocery - VOUD               , Fashion
BigBasket - Automobile - H4ZY       , Grocery
Swiggy - Healthcare - 1QQM          , Fashion
BigBasket - Online Services - EX6U  , Healthcare
Swiggy - Food - 8DLQ                , Healthcare
Tata - Grocery - F7RP               , Travel
Myntra - Fashion - GYDD             , Electronics
Amazon - Travel - D5YL              , Healthcare
Zomato - Healthcare - 1TZX          , Travel
Amazon - Electronics - 3180         , Online Services
Reliance - Travel - PYOA            , Travel
Tata - Automobile - FDXE            , Online Services
Myntra - Food - KE7W                , Electronics
Myntra - Travel - UF77              , Electronics
Flipkart - Healthcare - TM38        , Food
Swiggy - Food - FSIR                , Fashion
Uber - Electronics - NFGM           , Electronics
BigBasket - Fashion - VYK5          , Automobile
Tata - Food - 272J                  , Grocery
Uber - Online Services - GLAZ       , Grocery
Tata - Automobile - AZG4            , Automobile
Reliance - Automobile - WIVU        , Automobile
LocalBazaar - Travel - 7EHR         , Grocery
Reliance - Fashion - KZT5           , Electronics
Flipkart - Food - TF8J              , Online Services
Uber - Electronics - PLP2           , Healthcare
Myntra - Healthcare - KDFA          , Grocery
LocalBazaar - Electronics - II6I    , Electronics
Reliance - Food - CI0W              , Electronics
Amazon - Automobile - L71C          , Online Services
LocalBazaar - Food - ZZ9L           , Food
Tata - Electronics - JTPD           , Electronics
Flipkart - Fashion - LA69           , Fashion
BigBasket - Food - OKXK             , Online Services
Zomato - Electronics - XPJF         , Fashion
Reliance - Grocery - K66U           , Automobile
Tata - Grocery - VIB2               , Food
Swiggy - Travel - GG5V              , Fashion
Flipkart - Fashion - S448           , Healthcare
Uber - Healthcare - YGR5            , Food
Reliance - Healthcare - 2ERV        , Fashion
BigBasket - Grocery - TFC4          , Online Services
BigBasket - Grocery - F7D9          , Travel
LocalBazaar - Travel - 3H9Y         , Healthcare
Tata - Electronics - A7T1           , Travel
Uber - Healthcare - L0CH            , Online Services
BigBasket - Fashion - 870F          , Grocery
Swiggy - Healthcare - SZJ3          , Food
LocalBazaar - Online Services - AKAS, Online Services
Swiggy - Fashion - Q42K             , Fashion
Tata - Grocery - 97TV               , Travel
Tata - Fashion - 1CKF               , Healthcare
Myntra - Electronics - RODS         , Online Services
Amazon - Healthcare - WC8A          , Healthcare
Uber - Grocery - GXYM               , Automobile
LocalBazaar - Travel - KOY3         , Food
LocalBazaar - Grocery - MY5H        , Online Services
LocalBazaar - Fashion - 03Y0        , Grocery
BigBasket - Healthcare - FZWP       , Travel
Amazon - Food - 1RUO                , Fashion
BigBasket - Fashion - 7EEU          , Automobile
Zomato - Electronics - RWUD         , Food
Swiggy - Healthcare - 9TQU          , Grocery
Myntra - Healthcare - H20F          , Travel
Zomato - Grocery - ZFLM             , Fashion
LocalBazaar - Fashion - WBKP        , Electronics
Amazon - Automobile - X0J5          , Travel
LocalBazaar - Online Services - 2RRM, Electronics
Zomato - Online Services - RCXC     , Healthcare
Amazon - Travel - T9QR              , Online Services
Flipkart - Fashion - ISI0           , Online Services
Tata - Food - QHIC                  , Automobile
Tata - Electronics - 6RAY           , Automobile
Zomato - Electronics - XPV4         , Electronics
Uber - Food - LPZC                  , Automobile
Amazon - Online Services - KO8D     , Online Services
LocalBazaar - Online Services - 0JT0, Travel
Zomato - Online Services - 1G5I     , Travel
LocalBazaar - Food - 4PPU           , Online Services
Amazon - Electronics - JR54         , Electronics
LocalBazaar - Grocery - F7GL        , Healthcare
Uber - Online Services - FN4V       , Online Services
Reliance - Healthcare - D7AI        , Grocery
Swiggy - Food - 1EF4                , Automobile
Zomato - Fashion - IMZ7             , Automobile
Uber - Grocery - PK2X               , Healthcare
Zomato - Grocery - FPV4             , Grocery
LocalBazaar - Grocery - 4GSD        , Fashion
Swiggy - Online Services - W2RY     , Healthcare
Amazon - Electronics - 30ZJ         , Travel
LocalBazaar - Fashion - 6KBM        , Online Services
BigBasket - Travel - QL47           , Healthcare
Flipkart - Online Services - FL8Y   , Online Services
Amazon - Online Services - 1IPH     , Grocery
LocalBazaar - Grocery - 1AMN        , Electronics
Reliance - Automobile - ABIT        , Online Services
Myntra - Automobile - A1KJ          , Grocery
Tata - Fashion - OZ64               , Healthcare
Myntra - Automobile - 9X2G          , Electronics
Reliance - Electronics - 2J3Z       , Electronics
BigBasket - Food - Z639             , Automobile
Amazon - Online Services - AMM3     , Electronics
Reliance - Fashion - Q92H           , Automobile
Myntra - Grocery - FEFQ             , Electronics
Uber - Grocery - QTLD               , Online Services
Reliance - Grocery - GLGV           , Travel
Myntra - Healthcare - DEL2          , Food
BigBasket - Travel - 7G3P           , Electronics
Myntra - Automobile - WLN1          , Healthcare
Flipkart - Automobile - SC38        , Electronics
Tata - Automobile - WVJH            , Healthcare
Zomato - Automobile - ZSTD          , Fashion
Reliance - Fashion - 4RJY           , Fashion
Swiggy - Travel - IFX9              , Healthcare
Tata - Healthcare - 0DYN            , Grocery
Zomato - Grocery - WRYE             , Automobile
Amazon - Food - 6YH7                , Online Services
Flipkart - Fashion - BOA9           , Food
Tata - Electronics - Z71W           , Food
Flipkart - Travel - ZJ55            , Food
Reliance - Online Services - 3ORO   , Electronics
Myntra - Fashion - TEMD             , Travel
Myntra - Healthcare - TZTJ          , Travel
BigBasket - Grocery - NVHA          , Travel
Swiggy - Grocery - E627             , Food
Amazon - Food - L7J1                , Fashion
BigBasket - Grocery - 7F9O          , Online Services
Zomato - Grocery - YX8B             , Travel
Uber - Fashion - VL5K               , Travel
Amazon - Electronics - V5HI         , Healthcare
BigBasket - Travel - 6GU6           , Fashion
Swiggy - Food - KHIP                , Fashion
Uber - Grocery - Z55L               , Grocery
Myntra - Healthcare - HNI3          , Travel
LocalBazaar - Online Services - 3XYW, Electronics
Tata - Fashion - 2VJT               , Travel
Flipkart - Automobile - P20S        , Grocery
Amazon - Automobile - 64HZ          , Electronics
BigBasket - Food - NZMF             , Online Services
Myntra - Healthcare - 3YX2          , Healthcare
Amazon - Food - UQ7F                , Food
Reliance - Automobile - CSKE        , Automobile
Flipkart - Online Services - OCE6   , Electronics
Tata - Food - P07A                  , Healthcare
LocalBazaar - Healthcare - 3UK1     , Healthcare
Zomato - Online Services - 1E8X     , Grocery
BigBasket - Fashion - 5D4A          , Healthcare
Tata - Travel - 8E6H                , Food
Amazon - Fashion - 2BVA             , Online Services
Myntra - Electronics - SBD6         , Grocery
Myntra - Travel - JIL5              , Food
Uber - Grocery - XY3V               , Healthcare
Zomato - Travel - EFLP              , Healthcare
LocalBazaar - Grocery - A96V        , Grocery
BigBasket - Healthcare - JHUF       , Automobile
Tata - Travel - SP51                , Fashion
Tata - Electronics - B7RB           , Electronics
Uber - Food - 04Q0                  , Electronics
Reliance - Online Services - 5DER   , Food
Amazon - Electronics - Q7HE         , Food
LocalBazaar - Travel - VTEZ         , Travel
Uber - Grocery - 7LUH               , Food
BigBasket - Healthcare - 5XYR       , Food
Zomato - Healthcare - HJUJ          , Grocery
LocalBazaar - Grocery - PUCR        , Healthcare
Flipkart - Travel - I5R8            , Automobile
Swiggy - Automobile - LW8P          , Food
Swiggy - Grocery - EIKX             , Travel
Tata - Automobile - KST4            , Grocery
Myntra - Automobile - QA1E          , Electronics
Uber - Online Services - 9BV8       , Food
BigBasket - Healthcare - F07X       , Food
Zomato - Automobile - E9FG          , Fashion
Uber - Automobile - GA6B            , Food
LocalBazaar - Automobile - HYR9     , Food
Zomato - Automobile - 0V1G          , Automobile
Flipkart - Grocery - KYBU           , Grocery
Swiggy - Grocery - QPCC             , Electronics
Flipkart - Electronics - 3YYN       , Healthcare
Uber - Online Services - O12X       , Food
Zomato - Online Services - ZGZ2     , Travel
LocalBazaar - Automobile - XLSN     , Fashion
BigBasket - Automobile - TTGQ       , Travel
LocalBazaar - Healthcare - GVCD     , Automobile
Tata - Electronics - 9F5K           , Electronics
Myntra - Automobile - E5VV          , Travel
LocalBazaar - Healthcare - M3JC     , Fashion
LocalBazaar - Travel - 6XUT         , Healthcare
Flipkart - Grocery - YDHI           , Fashion
Flipkart - Travel - ACUI            , Electronics
Amazon - Healthcare - 5L6A          , Automobile
Tata - Fashion - SA6Q               , Fashion
Reliance - Fashion - U1JS           , Travel
Flipkart - Food - 1573              , Fashion
Zomato - Travel - 4NBM              , Grocery
BigBasket - Food - HKLH             , Online Services
BigBasket - Electronics - TXIK      , Online Services
Swiggy - Online Services - MMFR     , Fashion
Tata - Healthcare - 5W3D            , Food
Flipkart - Healthcare - HEWY        , Automobile
Zomato - Healthcare - ZQOS          , Electronics
LocalBazaar - Travel - LKPQ         , Food
Tata - Online Services - XM3B       , Automobile
Swiggy - Healthcare - A82N          , Grocery
BigBasket - Travel - LH51           , Travel
Tata - Online Services - PE24       , Online Services
BigBasket - Electronics - G9JJ      , Travel
BigBasket - Grocery - SL3I          , Healthcare
Myntra - Online Services - AGNN     , Electronics
LocalBazaar - Automobile - 8C47     , Food
Tata - Fashion - AD7F               , Electronics
Swiggy - Healthcare - PYQY          , Grocery
Reliance - Fashion - PSJ8           , Fashion
LocalBazaar - Online Services - M529, Travel
Amazon - Healthcare - FGBE          , Electronics
Amazon - Online Services - 0HLP     , Automobile
Amazon - Automobile - YRZD          , Grocery
BigBasket - Automobile - 4HIJ       , Healthcare
Zomato - Travel - ZBI0              , Online Services
BigBasket - Travel - 0AVX           , Online Services
LocalBazaar - Healthcare - PFNR     , Online Services
Swiggy - Food - 7GZF                , Food
Zomato - Travel - FAK3              , Electronics
Flipkart - Food - DBB7              , Food
Amazon - Automobile - M6RD          , Automobile
Reliance - Automobile - MVJ4        , Food
Amazon - Travel - 60G1              , Healthcare
Flipkart - Travel - HVNS            , Automobile
Swiggy - Healthcare - P7YT          , Grocery
Amazon - Electronics - H27E         , Food
Myntra - Healthcare - ZUK8          , Food
BigBasket - Automobile - 0GAJ       , Travel
Amazon - Fashion - HWLI             , Healthcare
Amazon - Automobile - 81RP          , Fashion
Flipkart - Fashion - LOKZ           , Automobile
Uber - Electronics - 1H23           , Fashion
Uber - Travel - MSP9                , Automobile
Amazon - Automobile - VESW          , Grocery
Zomato - Grocery - K4DW             , Fashion
Amazon - Fashion - IYST             , Automobile
BigBasket - Electronics - HL9D      , Food
Uber - Healthcare - CX1V            , Electronics
Zomato - Electronics - MJEP         , Fashion
Swiggy - Online Services - JWSQ     , Fashion
Reliance - Grocery - YLHR           , Food
Reliance - Electronics - UERU       , Travel
LocalBazaar - Online Services - K8V4, Automobile
Zomato - Travel - CXX3              , Healthcare
Flipkart - Electronics - Z2U1       , Fashion
BigBasket - Healthcare - 6D7J       , Electronics
Swiggy - Healthcare - 9WVM          , Healthcare
Tata - Online Services - B2K8       , Grocery
Myntra - Food - 7O9U                , Healthcare
BigBasket - Fashion - WOXV          , Healthcare
LocalBazaar - Grocery - VGQQ        , Electronics
Swiggy - Fashion - V097             , Automobile
Swiggy - Electronics - UI26         , Fashion
Flipkart - Food - QTD5              , Fashion
Zomato - Electronics - XXW6         , Travel
BigBasket - Automobile - G1PG       , Travel
Myntra - Electronics - T5IM         , Fashion
Reliance - Grocery - 6HMJ           , Fashion
LocalBazaar - Travel - JF2F         , Travel
Swiggy - Grocery - 1Q0E             , Automobile
BigBasket - Healthcare - CFVO       , Healthcare
LocalBazaar - Online Services - BJ0D, Travel
Tata - Travel - U9RT                , Online Services
BigBasket - Automobile - XVW7       , Fashion
Amazon - Food - GFS3                , Travel
Flipkart - Online Services - T2PU   , Food
Myntra - Online Services - BBH0     , Online Services
BigBasket - Grocery - JO1Y          , Electronics
Amazon - Healthcare - K0VJ          , Healthcare
BigBasket - Fashion - J04A          , Healthcare
BigBasket - Healthcare - 0FRV       , Travel
Myntra - Grocery - YKOP             , Grocery
LocalBazaar - Travel - 73BN         , Electronics
Amazon - Food - F9WT                , Online Services
Uber - Automobile - W71B            , Food
LocalBazaar - Grocery - SN04        , Healthcare
Amazon - Healthcare - MZ2B          , Fashion
Reliance - Healthcare - 19RP        , Healthcare
BigBasket - Fashion - CD75          , Online Services
Myntra - Automobile - YLLR          , Electronics
Amazon - Automobile - 1DDB          , Electronics
Myntra - Travel - MGST              , Healthcare
Flipkart - Fashion - F8CX           , Online Services
Reliance - Food - 9PF9              , Healthcare
Flipkart - Travel - MP4D            , Grocery
Reliance - Electronics - Y3YK       , Electronics
Tata - Electronics - 7V2R           , Food
BigBasket - Food - JSBO             , Electronics
BigBasket - Electronics - HN0W      , Travel
Tata - Healthcare - J6E4            , Food
Uber - Fashion - CAOF               , Automobile
Flipkart - Automobile - 83IR        , Fashion
Reliance - Food - 68TY              , Fashion
Swiggy - Fashion - 55NF             , Fashion
Amazon - Travel - CTJG              , Healthcare
Amazon - Online Services - VPOW     , Electronics
Zomato - Online Services - FXW4     , Online Services
Flipkart - Online Services - JLSH   , Grocery
Flipkart - Grocery - VVC9           , Automobile
Uber - Fashion - 9MPT               , Grocery
Zomato - Automobile - VXH9          , Electronics
Amazon - Fashion - MO2R             , Food
Myntra - Electronics - K75P         , Online Services
Amazon - Grocery - BRO9             , Grocery
Myntra - Automobile - 3H8T          , Automobile
Zomato - Healthcare - 630X          , Food
Zomato - Healthcare - 2Q12          , Automobile
Flipkart - Grocery - Q962           , Healthcare
Flipkart - Grocery - KYOE           , Electronics
Myntra - Travel - U86W              , Healthcare
Uber - Fashion - BFLS               , Food
Uber - Fashion - Q0CQ               , Healthcare
BigBasket - Healthcare - BWJ1       , Electronics
Reliance - Online Services - C2D4   , Automobile
Tata - Grocery - 6RSQ               , Healthcare
Zomato - Electronics - ZBYQ         , Online Services
Swiggy - Food - PEG1                , Fashion
Reliance - Online Services - 6G5V   , Online Services
Tata - Food - PGQH                  , Grocery
Tata - Food - CXTX                  , Travel
Flipkart - Online Services - GTZC   , Online Services
Myntra - Online Services - CQZ2     , Healthcare
Tata - Automobile - X02V            , Grocery
Flipkart - Healthcare - 80ZP        , Grocery
Amazon - Food - Y1LB                , Electronics
BigBasket - Automobile - TSQ3       , Online Services
LocalBazaar - Automobile - SUJ5     , Online Services
Swiggy - Fashion - CKXR             , Electronics
Amazon - Food - Z19F                , Healthcare
Myntra - Healthcare - LEUD          , Travel
Flipkart - Automobile - DG72        , Travel
Uber - Grocery - ANVG               , Food
Amazon - Fashion - 7Y41             , Electronics
Myntra - Food - LIZT                , Food
Reliance - Electronics - 0I5D       , Fashion
BigBasket - Online Services - UHIH  , Travel
Tata - Online Services - XTTE       , Food
Myntra - Fashion - 88PQ             , Food
Reliance - Online Services - T6L0   , Online Services
Tata - Fashion - 7AU8               , Food
LocalBazaar - Fashion - 3G6W        , Grocery
Uber - Healthcare - OX4B            , Electronics
Reliance - Automobile - K772        , Grocery
Flipkart - Food - 0MRY              , Travel
LocalBazaar - Grocery - 94DV        , Travel
Zomato - Fashion - SII8             , Online Services
LocalBazaar - Grocery - R4R9        , Healthcare
Amazon - Grocery - 4IV5             , Grocery
Tata - Grocery - HP9F               , Fashion
Tata - Food - VSTH                  , Online Services
Zomato - Food - W130                , Online Services
LocalBazaar - Fashion - EMNH        , Food
LocalBazaar - Grocery - MTG4        , Online Services
Myntra - Travel - QWZ8              , Automobile
Zomato - Automobile - Q5PD          , Electronics
Uber - Healthcare - GBE3            , Automobile
Flipkart - Food - Z0G6              , Online Services
Swiggy - Healthcare - Y1J3          , Automobile
Uber - Automobile - VHMH            , Automobile
LocalBazaar - Grocery - VK35        , Food
Tata - Healthcare - 61WD            , Online Services
LocalBazaar - Fashion - IBX8        , Online Services
BigBasket - Fashion - O9AU          , Grocery
Zomato - Healthcare - QJ32          , Healthcare
Flipkart - Fashion - T9HP           , Electronics
Uber - Online Services - Z5UN       , Fashion
BigBasket - Healthcare - AEHA       , Travel
Uber - Electronics - VZLT           , Automobile
Myntra - Food - QL9W                , Travel
LocalBazaar - Healthcare - 4L82     , Food
LocalBazaar - Healthcare - HSPN     , Online Services
Flipkart - Automobile - K91V        , Travel
Tata - Fashion - 3OF5               , Food
Zomato - Food - F4AJ                , Food
Reliance - Food - JT9R              , Travel
Tata - Grocery - GM1I               , Electronics
LocalBazaar - Grocery - QEMC        , Grocery
Swiggy - Healthcare - 1A77          , Automobile
Reliance - Travel - TII7            , Automobile
Flipkart - Travel - DFEV            , Fashion
Tata - Online Services - RDB0       , Grocery
Flipkart - Healthcare - YZGA        , Fashion
Reliance - Travel - U35V            , Travel
LocalBazaar - Fashion - LD7M        , Electronics
BigBasket - Travel - OG6A           , Electronics
Reliance - Online Services - 1E51   , Fashion
Uber - Travel - HRYT                , Fashion
Tata - Electronics - CV5O           , Food
Uber - Travel - UM4J                , Travel
Tata - Healthcare - 8WJX            , Grocery
Flipkart - Grocery - FFKH           , Automobile
Uber - Grocery - N49I               , Food
LocalBazaar - Food - 425O           , Food
Swiggy - Fashion - 6Y2F             , Travel
Uber - Travel - 36V5                , Grocery
Uber - Food - LMCG                  , Grocery
Uber - Electronics - K9IU           , Food
Tata - Healthcare - MMIS            , Travel
Swiggy - Healthcare - 753V          , Electronics
Reliance - Travel - VEHZ            , Grocery
Flipkart - Fashion - UK21           , Online Services
Zomato - Food - SNF0                , Travel
BigBasket - Healthcare - F6ND       , Travel
Uber - Healthcare - JEVE            , Electronics
Swiggy - Online Services - A0VU     , Online Services
Flipkart - Food - Q713              , Grocery
Uber - Healthcare - HSZB            , Healthcare
LocalBazaar - Online Services - 8PKV, Fashion
Myntra - Grocery - BCIG             , Grocery
Uber - Grocery - TWN1               , Electronics
Swiggy - Grocery - MFQN             , Automobile
Uber - Automobile - GZ7L            , Food
BigBasket - Food - C2RB             , Online Services
LocalBazaar - Online Services - AEZE, Grocery
Amazon - Electronics - 3NCI         , Food
Uber - Grocery - 6Z5I               , Grocery
LocalBazaar - Grocery - T09F        , Electronics
LocalBazaar - Food - XZ5Q           , Automobile
Amazon - Electronics - 2GK9         , Automobile
Tata - Online Services - F7KP       , Travel
Myntra - Food - AEOM                , Fashion
Myntra - Travel - 66VK              , Electronics
Reliance - Travel - TP1M            , Grocery
Tata - Healthcare - 9LXZ            , Automobile
BigBasket - Travel - XHY9           , Electronics
Flipkart - Food - M9A9              , Grocery
Swiggy - Fashion - 9MWL             , Food
Myntra - Healthcare - 4IHN          , Healthcare
BigBasket - Online Services - MJE4  , Grocery
Myntra - Automobile - AYNN          , Online Services
Flipkart - Food - 4O05              , Electronics
Flipkart - Electronics - FM5E       , Food
Tata - Automobile - PXS9            , Automobile
Zomato - Grocery - YQRO             , Food
Amazon - Grocery - 6J8U             , Automobile
Myntra - Online Services - DQX3     , Healthcare
Myntra - Electronics - WGND         , Food
Flipkart - Online Services - J5WD   , Grocery
LocalBazaar - Travel - XX6A         , Online Services
Amazon - Fashion - JHGA             , Fashion
Myntra - Online Services - E5JN     , Fashion
Tata - Healthcare - VAOJ            , Travel
Swiggy - Healthcare - 6RN2          , Travel
Zomato - Online Services - PYBA     , Online Services
Tata - Travel - RWKD                , Grocery
Flipkart - Online Services - CXA0   , Food
Flipkart - Food - 9AT9              , Online Services
Tata - Food - 5KUJ                  , Fashion
Swiggy - Grocery - LHMR             , Fashion
Amazon - Online Services - ZS2E     , Online Services
Myntra - Online Services - I0YN     , Fashion
Amazon - Electronics - M5FX         , Fashion
LocalBazaar - Travel - NDLW         , Fashion
LocalBazaar - Travel - Y5SX         , Fashion
Flipkart - Online Services - H4ZV   , Grocery
Reliance - Grocery - M188           , Electronics
Amazon - Online Services - UMVP     , Automobile
Zomato - Online Services - Q6U4     , Fashion
LocalBazaar - Automobile - 4R90     , Electronics
BigBasket - Automobile - MQ6I       , Fashion
Myntra - Electronics - XJ0U         , Online Services
LocalBazaar - Automobile - 9412     , Food
BigBasket - Electronics - W5UK      , Online Services
LocalBazaar - Electronics - XTI8    , Healthcare
Tata - Automobile - XTAD            , Travel
Amazon - Electronics - 97N4         , Fashion
LocalBazaar - Electronics - P43A    , Grocery
BigBasket - Food - KHJV             , Food
Uber - Travel - ZXAL                , Automobile
Uber - Online Services - 0KQ5       , Food
Zomato - Online Services - I6I7     , Travel
Flipkart - Electronics - OW3I       , Food
LocalBazaar - Fashion - F0SO        , Electronics
Flipkart - Online Services - 594M   , Grocery
Amazon - Electronics - TZEE         , Electronics
Amazon - Food - M0IU                , Fashion
Tata - Travel - 8WF4                , Healthcare
LocalBazaar - Fashion - Y1AV        , Fashion
Swiggy - Grocery - 2QMZ             , Electronics
Flipkart - Electronics - 7UQT       , Electronics
Myntra - Automobile - AURW          , Food
Flipkart - Travel - 6PBN            , Food
Zomato - Healthcare - P197          , Grocery
Uber - Fashion - RG81               , Grocery
BigBasket - Healthcare - DQ1S       , Travel
Flipkart - Automobile - SGCN        , Grocery
BigBasket - Automobile - 8VPR       , Food
Amazon - Fashion - VA3S             , Travel
Myntra - Food - 2CI5                , Online Services
BigBasket - Food - 6363             , Online Services
LocalBazaar - Food - 2XDW           , Electronics
Zomato - Online Services - USY5     , Travel
Swiggy - Grocery - 49TK             , Automobile
Uber - Grocery - MNM0               , Online Services
Reliance - Electronics - A8D1       , Fashion
Myntra - Healthcare - 11NV          , Online Services
LocalBazaar - Grocery - D8RW        , Fashion
Tata - Automobile - CAR5            , Grocery
Swiggy - Healthcare - 17XX          , Automobile
Uber - Fashion - TF2C               , Fashion
Swiggy - Electronics - T15K         , Food
BigBasket - Grocery - LCBZ          , Healthcare
Uber - Healthcare - 332K            , Travel
Myntra - Healthcare - TT67          , Online Services
Zomato - Automobile - UV4H          , Healthcare
Reliance - Online Services - 4MX6   , Food
Uber - Healthcare - 5PP0            , Electronics
Amazon - Grocery - 11KI             , Fashion
LocalBazaar - Grocery - O8DB        , Automobile
Tata - Electronics - 5BYJ           , Travel
Flipkart - Travel - 7FE1            , Fashion
Uber - Food - T7BZ                  , Healthcare
Swiggy - Grocery - 4FEG             , Electronics
Flipkart - Healthcare - UDDZ        , Food
Amazon - Grocery - B0ZS             , Healthcare
Flipkart - Electronics - 2NTZ       , Online Services
LocalBazaar - Automobile - JHR6     , Grocery
Flipkart - Travel - TR9G            , Grocery
Reliance - Fashion - ON1B           , Grocery
LocalBazaar - Automobile - ADFV     , Online Services
Myntra - Online Services - GLT4     , Grocery
Reliance - Food - AETZ              , Automobile
Myntra - Travel - WWMW              , Online Services
LocalBazaar - Food - EZ2U           , Online Services
LocalBazaar - Fashion - ER8X        , Automobile
BigBasket - Grocery - N7TD          , Automobile
Flipkart - Online Services - S8FV   , Grocery
Reliance - Grocery - G48S           , Food
Myntra - Healthcare - RXNH          , Online Services
Tata - Grocery - T66I               , Travel
Tata - Electronics - MON0           , Healthcare
Tata - Grocery - QL7D               , Healthcare
Zomato - Automobile - SGQP          , Online Services
Reliance - Automobile - RLUE        , Automobile
Zomato - Healthcare - 3SI2          , Travel
Swiggy - Fashion - 6KDV             , Travel
Zomato - Automobile - O0VX          , Grocery
Swiggy - Online Services - MXLJ     , Healthcare
BigBasket - Food - NYL2             , Travel
Amazon - Electronics - THI9         , Grocery
Zomato - Online Services - 288N     , Automobile
Myntra - Travel - 1ITL              , Travel
Swiggy - Automobile - VWS6          , Automobile
Swiggy - Automobile - KEL0          , Fashion
Zomato - Healthcare - B4L9          , Automobile
Reliance - Food - RYB4              , Electronics
